date,GPR,GPRA,GPRT,dln_GPR,dln_GPRA,dln_GPRT,D_GULF,D_911,D_UKR,WAR_HIGH,CONTROL
1991-01-01,379.2497863769531,479.7158508300781,360.0328063964844,,,,1,0,0,1,0
1991-02-01,339.3580322265625,490.27374267578125,253.7916259765625,-0.11113936263500346,0.021769942458321978,-0.34968159601753257,1,0,0,1,0
1991-03-01,148.61831665039062,171.39544677734375,133.98248291015625,-0.8256743061855065,-1.0509904527172473,-0.6388044933051225,1,0,0,1,0
1991-04-01,97.760009765625,88.50554656982422,100.77496337890625,-0.4188657908131752,-0.6609082177624845,-0.2848191212461053,0,0,0,0,0
1991-05-01,88.56902313232422,79.06768798828125,95.45738983154297,-0.09873342488555537,-0.11276092756223566,-0.05420997746408229,0,0,0,0,0
1991-06-01,87.73383331298828,69.48858642578125,99.7988510131836,-0.009474560808533816,-0.12914178059811388,0.044476702212739916,0,0,0,0,0
1991-07-01,115.18467712402344,84.731201171875,144.65106201171875,0.27222911871578415,0.1983213915798192,0.37116770297867596,0,0,0,0,0
1991-08-01,113.49502563476562,87.34529113769531,133.4146728515625,-0.014777719384292176,0.030385220569261406,-0.0808622545119313,0,0,0,0,0
1991-09-01,117.94219207763672,74.79663848876953,154.14364624023438,0.03843559782490402,-0.1550961831632085,0.14442281662587408,0,0,0,0,0
1991-10-01,100.8318099975586,77.95648193359375,122.6444320678711,-0.15674072555302043,0.04137780308294925,-0.22859556269489456,0,0,0,0,0
1991-11-01,100.7423324584961,77.58206176757812,120.3302230834961,-0.0008877879260626997,-0.004814509385841603,-0.01904955037573952,0,0,0,0,0
1991-12-01,103.96953582763672,58.747432708740234,135.23251342773438,0.031531838195903994,-0.27808878418317207,0.11675579625100774,0,0,0,0,0
1992-01-01,102.95763397216797,69.45668029785156,126.1564712524414,-0.009780348540753714,0.16745579967367785,-0.06947264678159826,0,0,0,0,0
1992-02-01,87.2034683227539,62.860504150390625,101.0959701538086,-0.1660734784880633,-0.09978520162140025,-0.22145270661848482,0,0,0,0,0
1992-03-01,85.29731750488281,53.69252014160156,107.12957000732422,-0.022101098238263006,-0.15764434946208716,0.05796877128968614,0,0,0,0,0
1992-04-01,85.85562133789062,74.40125274658203,92.64119720458984,0.006524057571593467,0.3261990776039694,-0.1453050995857108,0,0,0,0,0
1992-05-01,78.96814727783203,56.43539047241211,93.08229064941406,-0.08362249165513536,-0.2763763273293023,0.004750010666630722,0,0,0,0,1
1992-06-01,93.84909057617188,49.73001480102539,124.33613586425781,0.17264350065527267,-0.12648778200538047,0.289504723584165,0,0,0,0,0
1992-07-01,75.19676971435547,51.642940521240234,92.42886352539062,-0.22157979869389344,0.037744836707076956,-0.2965493655004856,0,0,0,0,1
1992-08-01,81.64519500732422,70.1595230102539,87.55679321289062,0.08227469492284722,0.3064180423798657,-0.05415165758241258,0,0,0,0,0
1992-09-01,74.6097183227539,45.73872375488281,92.68926239013672,-0.09011219788191038,-0.42782626340285024,0.056964985939201185,0,0,0,0,1
1992-10-01,68.18277740478516,58.99306106567383,71.33625793457031,-0.09007876891143507,0.2544745418944636,-0.2618479094451116,0,0,0,0,1
1992-11-01,91.00899505615234,68.5569076538086,109.6229248046875,0.2887663461661951,0.1502443411067782,0.4296417959712713,0,0,0,0,0
1992-12-01,83.42096710205078,60.88547134399414,97.29403686523438,-0.0870586665334212,-0.11866958856518917,-0.1193088193250329,0,0,0,0,0
1993-01-01,128.91807556152344,114.82777404785156,144.89353942871094,0.4352774475814911,0.6344388083643926,0.39826156067701746,0,0,0,1,0
1993-02-01,90.46806335449219,64.63740539550781,105.26100158691406,-0.35418023213622796,-0.5746401147337705,-0.31955626667781356,0,0,0,0,0
1993-03-01,94.24144744873047,80.28809356689453,99.9146728515625,0.04086318164658209,0.2168280614690401,-0.05212644498111629,0,0,0,0,0
1993-04-01,112.72166442871094,72.71391296386719,144.0390167236328,0.17906155456630035,-0.09908859432569095,0.3657676620851049,0,0,0,0,0
1993-05-01,110.72975158691406,77.88386535644531,137.38629150390625,-0.01782907123263744,0.06868607023305273,-0.04728760824860334,0,0,0,0,0
1993-06-01,104.19525146484375,73.33211517333984,125.46405029296875,-0.06082600536862692,-0.06022016520782447,-0.09077733840907509,0,0,0,0,0
1993-07-01,123.31478881835938,107.0821533203125,131.75840759277344,0.16847378780640643,0.37859768163011065,0.04895073444348963,0,0,0,1,0
1993-08-01,97.2416763305664,94.7355728149414,97.08562469482422,-0.23754095632830907,-0.122506761340202,-0.30537668219125536,0,0,0,0,0
1993-09-01,89.16477966308594,76.93018341064453,97.45659637451172,-0.0867132736172529,-0.20819126497174434,0.0038137955585986205,0,0,0,0,0
1993-10-01,106.16590881347656,65.22377014160156,130.3068084716797,0.17451693319699046,-0.1650743263757395,0.2904846215439445,0,0,0,0,0
1993-11-01,83.48017883300781,51.35593795776367,105.1309585571289,-0.24039382355154792,-0.239043408569517,-0.21468493766964603,0,0,0,0,0
1993-12-01,79.55179595947266,50.134674072265625,97.06568145751953,-0.048200893417388535,-0.024067700693777727,-0.07981891958954712,0,0,0,0,1
1994-01-01,83.48997497558594,65.27042388916016,93.09183502197266,0.048318233461293936,0.26382614106823965,-0.041801398506687626,0,0,0,0,0
1994-02-01,117.2420654296875,76.48810577392578,148.14723205566406,0.33951416831866066,0.15859624164379316,0.4646201111775996,0,0,0,0,0
1994-03-01,93.47403717041016,79.4195327758789,98.56234741210938,-0.22655701238170867,0.03760909406807045,-0.4075172738655768,0,0,0,0,0
1994-04-01,95.35697174072266,68.70893859863281,116.44586181640625,0.019943726324829214,-0.14486504136221612,0.1667371429694109,0,0,0,0,0
1994-05-01,104.46678924560547,73.90620422363281,122.97669982910156,0.09124176789343608,0.07291747737120335,0.05456844558598206,0,0,0,0,0
1994-06-01,120.35224151611328,79.9498519897461,148.2960662841797,0.14155357440212502,0.07860280925115681,0.18721581825469436,0,0,0,1,0
1994-07-01,99.6402359008789,75.47087860107422,115.40325927734375,-0.18885673111064882,-0.05765272003783739,-0.25077812641912,0,0,0,0,0
1994-08-01,98.2270278930664,66.64015197753906,122.92201232910156,-0.014284647305399467,-0.1244395895238819,0.06311751119561215,0,0,0,0,0
1994-09-01,98.89848327636719,51.336830139160156,131.31796264648438,0.006812491961813549,-0.2608988474117888,0.06607146991863111,0,0,0,0,0
1994-10-01,94.85363006591797,64.50569152832031,118.89933776855469,-0.04175893528170338,0.22834502963837888,-0.09934434406322801,0,0,0,0,0
1994-11-01,86.5298080444336,70.68946075439453,100.79308319091797,-0.09184601105172341,0.0915430311806178,-0.16520749988556993,0,0,0,0,0
1994-12-01,96.04750061035156,81.61609649658203,107.74173736572266,0.10435391087408608,0.143730011665685,0.0666673085176237,0,0,0,0,0
1995-01-01,80.15467834472656,70.47705841064453,84.89913940429688,-0.18088461990246252,-0.14673925925911835,-0.2382730859775659,0,0,0,0,0
1995-02-01,76.87532806396484,77.14599609375,72.59407043457031,-0.041773253601385285,0.09041243553427591,-0.1565807126449501,0,0,0,0,1
1995-03-01,82.24444580078125,79.87528991699219,79.15904235839844,0.06751086549106056,0.03476686254546291,0.086575779076699,0,0,0,0,0
1995-04-01,99.19087982177734,99.14794158935547,93.92303466796875,0.18735021367649907,0.21614655185418385,0.1710166436415248,0,0,0,0,0
1995-05-01,87.842529296875,79.34961700439453,96.40919494628906,-0.12150030107386378,-0.22274947387992494,0.026125913569585713,0,0,0,0,0
1995-06-01,104.60775756835938,85.1209487915039,121.57904815673828,0.17467194130425234,0.07020955174886545,0.2319630730158062,0,0,0,0,0
1995-07-01,107.64541625976562,100.19744873046875,115.32476806640625,0.028624929859517145,0.1630695545068983,-0.05281243503223987,0,0,0,0,0
1995-08-01,106.93478393554688,100.7674560546875,118.4973373413086,-0.006623490159484824,0.005672720352694505,0.027138272317507983,0,0,0,0,0
1995-09-01,71.20516967773438,68.81755065917969,72.98401641845703,-0.4066537290988297,-0.38135663770948725,-0.4846500266263156,0,0,0,0,1
1995-10-01,67.74150085449219,69.12648010253906,64.2778091430664,-0.049866420367167485,0.0044790623868520285,-0.12702600674069942,0,0,0,0,1
1995-11-01,76.33349609375,69.86588287353516,78.8126220703125,0.11941284386810036,0.010639573717810435,0.20385870533175865,0,0,0,0,1
1995-12-01,65.67205810546875,55.363800048828125,68.98201751708984,-0.15043830728782304,-0.23265149384857509,-0.13322730765714574,0,0,0,0,1
1996-01-01,75.63492584228516,79.68246459960938,73.66007995605469,0.14124461871688165,0.3641235925638462,0.06561514155413306,0,0,0,0,1
1996-02-01,80.4209213256836,69.15779113769531,85.9759750366211,0.06135619928287017,-0.1416588221499584,0.15460690069506278,0,0,0,0,0
1996-03-01,82.14761352539062,84.08819580078125,77.89100646972656,0.021243436024723117,0.1954754761725983,-0.09875740065664473,0,0,0,0,0
1996-04-01,84.82862091064453,98.6463623046875,71.23197174072266,0.03211520273961099,0.15967515898569662,-0.08936873759794928,0,0,0,0,0
1996-05-01,65.53082275390625,68.71073913574219,59.1929931640625,-0.25811238824228067,-0.36163585071704407,-0.18513858276148554,0,0,0,0,1
1996-06-01,69.08858489990234,61.67017364501953,72.52593231201172,0.052868911959133236,-0.10810510159685371,0.20314100879823815,0,0,0,0,1
1996-07-01,80.64431762695312,85.2721939086914,74.90693664550781,0.154658824581138,0.32404801667374805,0.032302313356403545,0,0,0,0,0
1996-08-01,81.6876449584961,85.69389343261719,81.7337417602539,0.012854421041525121,0.004933146516804321,0.08722041412369386,0,0,0,0,0
1996-09-01,88.19697570800781,92.83900451660156,87.04828643798828,0.0766699074678403,0.08008529087578165,0.0629960687702873,0,0,0,0,0
1996-10-01,55.586830139160156,49.54435729980469,56.879756927490234,-0.461626368201844,-0.6279984834015848,-0.42552346915930617,0,0,0,0,1
1996-11-01,57.34461212158203,51.038421630859375,58.0576171875,0.03113258665058627,0.029710339020926124,0.02049640517669893,0,0,0,0,1
1996-12-01,74.98263549804688,66.17648315429688,80.17862701416016,0.26817766818840827,0.259746446071345,0.32282106603741667,0,0,0,0,1
1997-01-01,54.062435150146484,55.227325439453125,53.25782775878906,-0.3271169748806435,-0.18086730359432757,-0.40911218932216453,0,0,0,0,1
1997-02-01,50.559940338134766,43.509159088134766,54.501365661621094,-0.0669800153396789,-0.2384863871935785,0.023080965415525956,0,0,0,0,1
1997-03-01,58.48006057739258,59.907318115234375,56.36629867553711,0.14552628148927615,0.3198272001850402,0.033645679324582733,0,0,0,0,1
1997-04-01,62.844486236572266,61.28048324584961,62.37605667114258,0.07197735094891566,0.022662741400361952,0.1013100558564819,0,0,0,0,1
1997-05-01,53.57601547241211,49.572898864746094,53.54428482055664,-0.1595617068536055,-0.2120171207194983,-0.15267242938960912,0,0,0,0,1
1997-06-01,39.045623779296875,38.63948059082031,36.68563461303711,-0.31637069250719163,-0.24916972356002276,-0.37812381416297614,0,0,0,0,1
1997-07-01,47.69842529296875,43.43375015258789,47.428409576416016,0.20016758172910976,0.11696222518873345,0.25683615631477963,0,0,0,0,1
1997-08-01,48.582298278808594,49.42500305175781,46.30862808227539,0.018360846987850454,0.12921963862575758,-0.023893111910019194,0,0,0,0,1
1997-09-01,42.6890869140625,41.08793258666992,41.63934326171875,-0.12931591982474888,-0.1847419634418026,-0.10628282359020602,0,0,0,0,1
1997-10-01,49.746307373046875,34.460205078125,58.68946075439453,0.15299292540609777,-0.17590928508461445,0.3432146946862251,0,0,0,0,1
1997-11-01,59.6933708190918,32.765533447265625,79.03630828857422,0.1822847354841941,-0.050428028907386846,0.297647178977579,0,0,0,0,1
1997-12-01,43.998268127441406,35.839134216308594,48.36233139038086,-0.30507070027309613,0.08966327753581327,-0.491186111823966,0,0,0,0,1
1998-01-01,53.0963020324707,42.487815856933594,59.82126998901367,0.18795701184611113,0.17017691820504055,0.212640049501009,0,0,0,0,1
1998-02-01,77.59761810302734,45.368019104003906,101.84082794189453,0.37942944791971955,0.0655900826925242,0.5320498008956474,0,0,0,0,1
1998-03-01,57.24806213378906,44.5167121887207,65.50199890136719,-0.30414293949947435,-0.018942758329625775,-0.4413304242924969,0,0,0,0,1
1998-04-01,50.99658203125,38.00284957885742,58.76738357543945,-0.11563518118664051,-0.15820352763969536,-0.10849365985063653,0,0,0,0,1
1998-05-01,94.4734878540039,43.802757263183594,129.79888916015625,0.6165606318448389,0.14203562078313547,0.7923992462421614,0,0,0,0,0
1998-06-01,76.30907440185547,48.77885437011719,94.95468139648438,-0.21352738154778983,0.10760014024923459,-0.3125865062952,0,0,0,0,1
1998-07-01,54.04841613769531,38.29932403564453,64.22628021240234,-0.34491162177495704,-0.24186466003355855,-0.3909872638117351,0,0,0,0,1
1998-08-01,97.02085876464844,123.8387451171875,83.93855285644531,0.585045754191214,1.1735480298614611,0.2676725415046626,0,0,0,0,0
1998-09-01,62.51344299316406,55.129615783691406,68.4769515991211,-0.4395443726917634,-0.8092932133933495,-0.20358780190002612,0,0,0,0,1
1998-10-01,54.403648376464844,48.27804183959961,57.89592742919922,-0.13895040414796744,-0.13271022630983742,-0.1678501715481664,0,0,0,0,1
1998-11-01,67.96592712402344,38.602264404296875,88.07134246826172,0.22257529053526115,-0.22366589891533062,0.4195001518023389,0,0,0,0,1
1998-12-01,75.95989227294922,64.999755859375,86.2803955078125,0.11119895984326877,0.5210725758050545,-0.020544790383238976,0,0,0,0,1
1999-01-01,63.98722457885742,53.77272033691406,69.46121215820312,-0.17152202025705687,-0.18961723224275184,-0.21683390718111806,0,0,0,0,1
1999-02-01,58.316383361816406,44.1739501953125,67.28399658203125,-0.09280037538720354,-0.19663102839167435,-0.03184608220231766,0,0,0,0,1
1999-03-01,83.39727783203125,75.18807983398438,89.73835754394531,0.35773259683710634,0.5318574523008115,0.28797588186466694,0,0,0,0,0
1999-04-01,106.19801330566406,103.2333755493164,112.34139251708984,0.24168973260157767,0.31699950170312885,0.22464408459131935,0,0,0,0,0
1999-05-01,85.44113159179688,80.67141723632812,89.3775634765625,-0.21747778211969138,-0.2466078801344933,-0.2286726997283015,0,0,0,0,0
1999-06-01,79.4105453491211,83.76152038574219,75.96134948730469,-0.07319644701473926,0.03758939097579539,-0.16264503130950736,0,0,0,0,1
1999-07-01,62.14287185668945,54.25792694091797,66.83728790283203,-0.24519505358779714,-0.43422461761691755,-0.12796352460463734,0,0,0,0,1
1999-08-01,62.858642578125,57.959991455078125,65.2621078491211,0.011452317962155512,0.06600386955169091,-0.02384953704936521,0,0,0,0,1
1999-09-01,69.58151245117188,62.214027404785156,75.54266357421875,0.10161046958425413,0.07082752527179714,0.14628598721579067,0,0,0,0,1
1999-10-01,72.35348510742188,60.16195297241211,79.38410949707031,0.03906471567277947,-0.03354035320940518,0.04960063883487287,0,0,0,0,1
1999-11-01,57.9638671875,52.49796676635742,60.38698196411133,-0.22174378513866344,-0.13626570149918793,-0.2735246646299938,0,0,0,0,1
1999-12-01,86.0849380493164,86.46973419189453,95.51082611083984,0.39551462369448753,0.4990200183876534,0.4584660521635744,0,0,0,0,0
2000-01-01,64.45780944824219,64.25041198730469,65.57360076904297,-0.2893235678903743,-0.29700632296687424,-0.3760664158255498,0,0,0,0,1
2000-02-01,63.54172134399414,68.08216857910156,57.65135955810547,-0.014314173503453098,0.0579272011438281,-0.12875935824827334,0,0,0,0,1
2000-03-01,50.101985931396484,40.81640625,55.03073501586914,-0.23763607253440888,-0.5116312225978201,-0.046521981783077315,0,0,0,0,1
2000-04-01,48.6827392578125,40.91702651977539,53.30490493774414,-0.02873610941543836,0.0024621581939592296,-0.0318634955857835,0,0,0,0,1
2000-05-01,79.48287963867188,83.22781372070312,77.26969909667969,0.4902171107730955,0.7100353187407,0.371273535721361,0,0,0,0,1
2000-06-01,64.71781921386719,53.174400329589844,73.57466888427734,-0.20550507153619169,-0.4480045077661696,-0.04900109403167985,0,0,0,0,1
2000-07-01,51.904022216796875,41.059078216552734,57.31697463989258,-0.22064028994672702,-0.2585651220541765,-0.24970397234208264,0,0,0,0,1
2000-08-01,46.49225616455078,41.58592224121094,49.192291259765625,-0.11011052189988435,0.012749740662362896,-0.1528598918734172,0,0,0,0,1
2000-09-01,52.689998626708984,35.192142486572266,64.44499206542969,0.125139893528309,-0.16693886945882808,0.27007509422483444,0,0,0,0,1
2000-10-01,76.45652770996094,77.61014556884766,82.38760375976562,0.37229665592174577,0.7908753276373974,0.24562296205439882,0,0,0,0,1
2000-11-01,45.06056213378906,47.206809997558594,44.357688903808594,-0.5287149039247163,-0.49715999871629357,-0.6191489233163137,0,0,0,0,1
2000-12-01,45.39509963989258,43.98335266113281,46.16897964477539,0.007396751619711761,-0.07072694807775104,0.04002207383990397,0,0,0,0,1
2001-01-01,46.89955520629883,38.343318939208984,53.70235824584961,0.03260402975869958,-0.1372309138769756,0.15114877943016225,0,0,0,0,1
2001-02-01,55.087711334228516,45.426673889160156,63.68989181518555,0.16091847496496525,0.16951916327824224,0.17056895002313244,0,0,0,0,1
2001-03-01,61.708953857421875,56.86698913574219,66.72218322753906,0.1135023731296485,0.224615553873178,0.04651161398399051,0,0,0,0,1
2001-04-01,50.5687370300293,47.17219924926758,52.7736701965332,-0.19909549953560202,-0.1869102968829064,-0.23452508393591165,0,0,0,0,1
2001-05-01,60.376861572265625,56.86418914794922,61.344993591308594,0.17727240490042906,0.18686105818098175,0.15050116795896207,0,0,0,0,1
2001-06-01,72.06433868408203,64.2144775390625,79.31310272216797,0.17695336784166216,0.12156291382378104,0.25688978100612747,0,0,0,0,1
2001-07-01,61.072940826416016,52.618770599365234,65.49278259277344,-0.16549041174924284,-0.19915578052492622,-0.19146339763300713,0,0,0,0,1
2001-08-01,64.10773468017578,74.89220428466797,55.23207473754883,0.04849612139956694,0.35297689187255665,-0.17039609852988846,0,0,0,0,1
2001-09-01,498.64788818359375,841.177490234375,260.16961669921875,2.0513351892869514,2.418752880898107,1.5497899416168304,0,1,0,1,0
2001-10-01,512.5297241210938,854.074951171875,261.347412109375,0.027458495844373765,0.015216270417935718,0.004516812865172248,0,1,0,1,0
2001-11-01,306.785888671875,509.7461242675781,149.79522705078125,-0.5132086343829929,-0.5161061485524598,-0.5565813946675204,0,1,0,1,0
2001-12-01,236.09974670410156,381.9725036621094,126.19801330566406,-0.26189570197501855,-0.2885641801494909,-0.17141700087537792,0,0,0,1,0
2002-01-01,172.47720336914062,262.2870178222656,106.9162368774414,-0.31398929790131547,-0.37590923405040133,-0.16580651258871626,0,0,0,1,0
2002-02-01,146.1857147216797,212.90550231933594,95.78031158447266,-0.16538724133679406,-0.20859097583913488,-0.10998854693125448,0,0,0,1,0
2002-03-01,151.9763641357422,219.96884155273438,99.12334442138672,0.03884717762841028,0.03263749083199485,0.03430782985168612,0,0,0,1,0
2002-04-01,157.49655151367188,225.64035034179688,100.74444580078125,0.03567855322661817,0.025456454512541526,0.016222092891402973,0,0,0,1,0
2002-05-01,163.3223114013672,209.40878295898438,142.246826171875,0.03632205606878802,-0.07465412051929032,0.3449766903573339,0,0,0,1,0
2002-06-01,149.33042907714844,189.1234893798828,127.7907485961914,-0.08956412352982124,-0.10188805634921216,-0.10716961151425686,0,0,0,1,0
2002-07-01,122.7783432006836,168.41973876953125,94.34967803955078,-0.19578085355419628,-0.11594087612522941,-0.30338629021867103,0,0,0,1,0
2002-08-01,127.06451416015625,157.46444702148438,101.69573974609375,0.034314301131203706,-0.06725960894785032,0.07497755237152237,0,0,0,1,0
2002-09-01,174.90333557128906,188.7191925048828,174.5314483642578,0.31953851015728585,0.1810604567031744,0.5401195334824536,0,0,0,1,0
2002-10-01,172.03192138671875,197.39906311035156,167.02581787109375,-0.01655340409642836,0.044967224549584905,-0.043956546759102544,0,0,0,1,0
2002-11-01,159.12759399414062,179.06283569335938,155.0137481689453,-0.0779736906940025,-0.09749059920533565,-0.07463458764822573,0,0,0,1,0
2002-12-01,175.8117218017578,175.19842529296875,182.9995574951172,0.09970730158631813,-0.02181759122654725,0.1659699239290413,0,0,0,1,0
2003-01-01,206.43460083007812,176.95985412597656,245.8175506591797,0.16056999929421423,0.01000370359224867,0.29510586199746136,0,0,0,1,0
2003-02-01,239.61093139648438,213.080322265625,296.7597961425781,0.14903282948707464,0.18574630046345053,0.18833344760086757,0,0,0,1,0
2003-03-01,358.711181640625,429.1441955566406,362.41107177734375,0.4035010680081088,0.7001237881671676,0.1998560805867724,0,0,0,1,0
2003-04-01,255.77517700195312,331.6032409667969,212.60545349121094,-0.3382187129463743,-0.25785378569380235,-0.5333410079684775,0,0,0,1,0
2003-05-01,162.1218719482422,186.8463592529297,153.3962860107422,-0.4559504954104572,-0.5736525260607124,-0.3264134394980802,0,0,0,1,0
2003-06-01,145.7697296142578,176.91827392578125,127.83353424072266,-0.10632016617141637,-0.05459877416523007,-0.18229577372422678,0,0,0,1,0
2003-07-01,134.89891052246094,167.4486541748047,108.3927993774414,-0.07750249521024877,-0.055011134679715745,-0.16496724338149793,0,0,0,1,0
2003-08-01,138.23092651367188,180.0001220703125,109.64905548095703,0.02439998015508582,0.07228076702691055,0.01152320049018929,0,0,0,1,0
2003-09-01,118.19628143310547,143.5571746826172,99.72046661376953,-0.15657902262951318,-0.2262241433667791,-0.09491392299806112,0,0,0,0,0
2003-10-01,108.3173828125,129.9432830810547,93.02832794189453,-0.08728099727583416,-0.09963531442746021,-0.06946688958659841,0,0,0,0,0
2003-11-01,118.0866928100586,153.246337890625,93.33158874511719,0.08635339230339856,0.16494860695751967,0.0032545740124634293,0,0,0,0,0
2003-12-01,129.46507263183594,164.98052978515625,107.44403839111328,0.09199209580691559,0.0737807874141323,0.14081151660673186,0,0,0,1,0
2004-01-01,113.46759033203125,126.08518981933594,106.71729278564453,-0.1318938869452646,-0.2688696774662267,-0.006786924521875015,0,0,0,0,0
2004-02-01,115.07597351074219,129.24427795410156,104.11482238769531,0.014075301051533984,0.02474645309082213,-0.02468886286075911,0,0,0,0,0
2004-03-01,138.53207397460938,183.70297241210938,109.12393951416016,0.18550933039968687,0.35161593162515015,0.046989944495309466,0,0,0,1,0
2004-04-01,149.6313934326172,205.3251953125,121.14622497558594,0.07707301281288181,0.11127486797610775,0.10451399082693147,0,0,0,1,0
2004-05-01,121.0911865234375,159.94842529296875,91.96539306640625,-0.21163102326482708,-0.24974361951009083,-0.2755859428956029,0,0,0,1,0
2004-06-01,137.23391723632812,178.03662109375,106.79373931884766,0.125143025508895,0.10713784426142059,0.14948696023722263,0,0,0,1,0
2004-07-01,131.0198516845703,159.81219482421875,121.26777648925781,-0.04633804362064087,-0.10798992214982661,0.1271018250942486,0,0,0,1,0
2004-08-01,140.36582946777344,176.45431518554688,127.44524383544922,0.06890323081380068,0.09906266193034252,0.049685682947903764,0,0,0,1,0
2004-09-01,153.87161254882812,189.355224609375,130.20606994628906,0.09186648784650142,0.07056274091256931,0.021431536619021863,0,0,0,1,0
2004-10-01,119.86279296875,148.24447631835938,100.50788116455078,-0.2497708732736479,-0.24476196835772246,-0.2588822048867261,0,0,0,0,0
2004-11-01,122.70738983154297,151.67926025390625,98.92665100097656,0.023454880045528093,0.02290538352845406,-0.015857467418983973,0,0,0,1,0
2004-12-01,109.89522552490234,145.225341796875,81.60477447509766,-0.11027516007682348,-0.0434815440332299,-0.19249090557065163,0,0,0,0,0
2005-01-01,100.88758850097656,128.5348663330078,78.19856262207031,-0.08552050477791617,-0.12208641658172237,-0.042636504392215,0,0,0,0,0
2005-02-01,108.97796630859375,108.79598236083984,104.7703628540039,0.07713880596293965,-0.16672579395233011,0.2925196681072588,0,0,0,0,0
2005-03-01,90.41048431396484,87.87673950195312,87.22633361816406,-0.18678548023972752,-0.2135392617887959,-0.1832646583388433,0,0,0,0,0
2005-04-01,87.03240203857422,102.85391235351562,72.53263092041016,-0.03807975105566985,0.15737450966668476,-0.1844697340937227,0,0,0,0,0
2005-05-01,98.20596313476562,104.9098892211914,89.93269348144531,0.12078645136133748,0.01979212901406946,0.21502499807954933,0,0,0,0,0
2005-06-01,81.12405395507812,93.41752624511719,69.88249969482422,-0.19108742451781247,-0.1160228090062061,-0.2522462844703588,0,0,0,0,0
2005-07-01,165.90191650390625,237.5650177001953,118.1835708618164,0.7154172359074904,0.9333623699520084,0.525423845036225,0,0,0,1,0
2005-08-01,116.2276611328125,143.29122924804688,92.68307495117188,-0.3558458855895239,-0.5055622173128222,-0.24305322374423177,0,0,0,0,0
2005-09-01,103.80766296386719,130.27203369140625,78.45670318603516,-0.11301107138191835,-0.0952542964903742,-0.16663895630879288,0,0,0,0,0
2005-10-01,87.06182861328125,105.56188201904297,73.18765258789062,-0.175921252360145,-0.21032749056448719,-0.06952019461166614,0,0,0,0,0
2005-11-01,83.48009490966797,96.02958679199219,70.60446166992188,-0.04201032083807643,-0.09464100064439052,-0.03593338728561246,0,0,0,0,0
2005-12-01,95.35025024414062,130.6789093017578,69.64460754394531,0.1329487373992988,0.3080869006340796,-0.013688063929122585,0,0,0,0,0
2006-01-01,94.51001739501953,100.19158172607422,89.32347106933594,-0.00885112346094541,-0.26565906995778743,0.24885901223972517,0,0,0,0,0
2006-02-01,95.85819244384766,102.79864501953125,89.40576171875,0.014164104283395318,0.025688001778846115,0.0009208415875257003,0,0,0,0,0
2006-03-01,92.79762268066406,97.03602600097656,88.04222869873047,-0.03244891554638851,-0.05768986056770942,-0.015368557905184765,0,0,0,0,0
2006-04-01,89.01580047607422,92.8307113647461,85.9110107421875,-0.04160713438477881,-0.044304785149057224,-0.02450456924391098,0,0,0,0,0
2006-05-01,85.20877838134766,82.27742767333984,84.03312683105469,-0.043709426241282934,-0.12068072526283657,-0.022100913571796,0,0,0,0,0
2006-06-01,102.57276916503906,115.67947387695312,90.38453674316406,0.18546802858894562,0.340726409099414,0.07286211090327477,0,0,0,0,0
2006-07-01,137.13482666015625,142.0860595703125,134.39634704589844,0.29039208832745267,0.20560971702703057,0.3967200489609439,0,0,0,1,0
2006-08-01,147.08111572265625,159.18817138671875,141.55645751953125,0.07001966413690752,0.11365404297801529,0.051905382575959,0,0,0,1,0
2006-09-01,111.72425842285156,114.77066802978516,110.28041076660156,-0.274950384950543,-0.32715102404371255,-0.24967231966833303,0,0,0,0,0
2006-10-01,113.13529968261719,99.27391815185547,125.2918930053711,0.012550587518274092,-0.14505306680178087,0.12761984822415062,0,0,0,0,0
2006-11-01,88.77892303466797,86.71051025390625,87.27577209472656,-0.24243517618153998,-0.13530777749517586,-0.36157325949310604,0,0,0,0,0
2006-12-01,90.60655975341797,78.7696533203125,95.78137969970703,0.020377345275095493,-0.09604728943296781,0.09299540005352558,0,0,0,0,0
2007-01-01,97.9200439453125,97.65373992919922,95.61344909667969,0.07762465366453952,0.2149001433738862,-0.0017548086035192867,0,0,0,0,0
2007-02-01,96.16935729980469,90.95567321777344,98.1557388305664,-0.018040491809063752,-0.07105567557098613,0.026241897923509505,0,0,0,0,0
2007-03-01,87.33650207519531,83.9186019897461,86.1521224975586,-0.09634227800423822,-0.08052497523995594,-0.13044078911114276,0,0,0,0,0
2007-04-01,76.6133804321289,83.41928100585938,69.22551727294922,-0.13099675697601665,-0.005967835338809735,-0.2187450585305193,0,0,0,0,1
2007-05-01,92.5995864868164,103.89258575439453,82.30323028564453,0.18951293529451618,0.2194780663553093,0.17304081566991503,0,0,0,0,0
2007-06-01,97.9723129272461,109.30941009521484,87.08059692382812,0.056400241546376684,0.05082494954786654,0.056423734190835795,0,0,0,0,0
2007-07-01,112.34625244140625,127.13468170166016,103.2634048461914,0.13690072436485412,0.1510645247116944,0.17044896119995556,0,0,0,0,0
2007-08-01,83.17320251464844,100.14825439453125,73.12574005126953,-0.3006604311821359,-0.2385953783304613,-0.3451026265728361,0,0,0,0,0
2007-09-01,94.4888687133789,92.24872589111328,94.93997955322266,0.12755682538280855,-0.0821631607032911,0.2610644718978419,0,0,0,0,0
2007-10-01,101.47301483154297,97.49516296386719,103.61026763916016,0.07131086323624469,0.05531429479933969,0.08739153564266999,0,0,0,0,0
2007-11-01,89.79544830322266,81.56842803955078,95.73847961425781,-0.12225861242817082,-0.1783604903255851,-0.07901612992308582,0,0,0,0,0
2007-12-01,94.96749114990234,84.13076782226562,98.5313720703125,0.05600034763821604,0.030930072317241653,0.028754692166550022,0,0,0,0,0
2008-01-01,81.49982452392578,83.74764251708984,76.40237426757812,-0.15293376745138598,-0.004564326878496061,-0.2543612231536656,0,0,0,0,0
2008-02-01,80.75146484375,86.75279235839844,72.52851104736328,-0.009224764745728642,0.03525458561905204,-0.05203403210883817,0,0,0,0,0
2008-03-01,77.63613891601562,83.48439025878906,72.02967834472656,-0.03934307595648434,-0.038402935506089086,-0.0069015070639206755,0,0,0,0,1
2008-04-01,71.9048080444336,69.99274444580078,69.45796966552734,-0.0766898926987265,-0.17626808546930217,-0.03635641669771328,0,0,0,0,1
2008-05-01,72.57379913330078,74.78978729248047,70.67774963378906,0.009260829449425856,0.06628975623292188,0.01740899152718889,0,0,0,0,1
2008-06-01,87.54842376708984,80.34490203857422,88.88606262207031,0.18758809155495548,0.07164730109731554,0.2292245461774325,0,0,0,0,0
2008-07-01,89.73957061767578,88.16068267822266,84.3224868774414,0.024719761031827048,0.09283244576916605,-0.05270677663808865,0,0,0,0,0
2008-08-01,88.55410766601562,105.06571197509766,75.76971435546875,-0.013298064548857624,0.1754248937405256,-0.10694991163979672,0,0,0,0,0
2008-09-01,88.54255676269531,94.46100616455078,82.01426696777344,-0.00013044744093804184,-0.10639886657905695,0.07919455349544435,0,0,0,0,0
2008-10-01,64.15979766845703,75.28266143798828,53.11738967895508,-0.3221064938025133,-0.2269372676595225,-0.43438885566121677,0,0,0,0,1
2008-11-01,79.08097076416016,95.14356231689453,68.30364990234375,0.20909546394309064,0.23413708469241978,0.25145884054103274,0,0,0,0,1
2008-12-01,92.3664321899414,109.21497344970703,83.84313201904297,0.1552913507050393,0.1379312402168562,0.20498437255045054,0,0,0,0,0
2009-01-01,85.36947631835938,89.7125473022461,86.31317138671875,-0.07877500790993519,-0.19670753339271485,0.029034632724126652,0,0,0,0,0
2009-02-01,67.45267486572266,64.58635711669922,64.77291107177734,-0.23556237786163958,-0.32860744168007994,-0.2870947327566844,0,0,0,0,1
2009-03-01,72.64462280273438,74.83297729492188,69.17710876464844,0.07415313329024009,0.14725546241047827,0.06578253275932955,0,0,0,0,1
2009-04-01,85.6884994506836,83.98128509521484,84.48536682128906,0.16513924898386634,0.11533531678367126,0.19990833595516566,0,0,0,0,0
2009-05-01,89.68086242675781,92.64315032958984,86.63702392578125,0.04553877427249464,0.09816104185996011,0.025148906561385687,0,0,0,0,0
2009-06-01,81.10958862304688,74.5913314819336,80.80081939697266,-0.10045620920069087,-0.21673071891101703,-0.06974014568838793,0,0,0,0,0
2009-07-01,83.43962097167969,80.12088012695312,82.10675048828125,0.02832208192752894,0.07151219536263742,0.01603312930717138,0,0,0,0,0
2009-08-01,73.37187957763672,78.04385375976562,64.70917510986328,-0.12858251796377562,-0.02626559945840956,-0.2381172343374276,0,0,0,0,1
2009-09-01,92.8399887084961,77.7846450805664,97.492919921875,0.23533670958995145,-0.0033268486856172785,0.40987675768420573,0,0,0,0,0
2009-10-01,90.57640075683594,90.4251480102539,88.22991180419922,-0.024683757961750707,0.1505783669632237,-0.0998337175600934,0,0,0,0,0
2009-11-01,82.10176086425781,85.0097885131836,74.31538391113281,-0.09823423779431995,-0.06175600582706853,-0.1716280600357285,0,0,0,0,0
2009-12-01,92.94691467285156,95.87136840820312,89.34334564208984,0.12406905618299291,0.12024097172930137,0.18416878206016385,0,0,0,0,0
2010-01-01,91.58102416992188,100.41094207763672,84.97299194335938,-0.01480442970734952,0.04626380558827048,-0.05015329948871283,0,0,0,0,0
2010-02-01,80.72535705566406,80.71173858642578,78.84627532958984,-0.12617135075662578,-0.2183871618993658,-0.07483338928153582,0,0,0,0,0
2010-03-01,74.116943359375,70.03934478759766,73.49691009521484,-0.08540857825931347,-0.1418268717145308,-0.07025670906109571,0,0,0,0,1
2010-04-01,88.76158142089844,81.26840209960938,92.05691528320312,0.180309753238574,0.14870013040292385,0.2251636643359145,0,0,0,0,0
2010-05-01,88.95870971679688,85.85739135742188,87.49411010742188,0.002218411589146818,0.05493039687645762,-0.05083555211022617,0,0,0,0,0
2010-06-01,96.45369720458984,70.9886245727539,110.69171905517578,0.0808907451652523,-0.19016803290171858,0.23517755359366443,0,0,0,0,0
2010-07-01,79.38137817382812,84.04823303222656,75.18537902832031,-0.19479926254913416,0.16887118989658845,-0.38679224739620466,0,0,0,0,1
2010-08-01,80.99386596679688,85.98257446289062,71.95153045654297,0.02010961406945455,0.02275381638167584,-0.04396408001773633,0,0,0,0,0
2010-09-01,71.16854858398438,69.29395294189453,68.94754028320312,-0.12932243554589373,-0.21578700994542643,-0.04264677453683596,0,0,0,0,1
2010-10-01,65.99193572998047,76.16891479492188,62.0961799621582,-0.0755184388022645,0.09459579388479789,-0.10466145693241291,0,0,0,0,1
2010-11-01,94.70516967773438,83.2665023803711,98.68914794921875,0.3612360401003105,0.08909289886982918,0.4632905177881863,0,0,0,0,0
2010-12-01,97.20389556884766,91.7621078491211,100.3976821899414,0.02604219978005684,0.09715310787851017,0.01716413069502476,0,0,0,0,0
2011-01-01,79.42161560058594,78.8069839477539,76.59356689453125,-0.20204022054552073,-0.15219782217083555,-0.270626031113939,0,0,0,0,1
2011-02-01,90.01448822021484,85.48683166503906,90.18933868408203,0.12520006961236874,0.08136072675237571,0.16339813355610566,0,0,0,0,0
2011-03-01,136.8883056640625,157.47984313964844,126.96572875976562,0.4191946685782497,0.610935121542302,0.3420059740808421,0,0,0,1,0
2011-04-01,91.01776885986328,111.94474029541016,72.92317962646484,-0.4081105565252292,-0.3412921106912785,-0.5545106445843162,0,0,0,0,0
2011-05-01,105.34491729736328,123.82610321044922,95.50663757324219,0.14618514356215595,0.10087282854833202,0.26978919528388623,0,0,0,0,0
2011-06-01,84.391845703125,98.27275848388672,71.39112854003906,-0.22176911117161602,-0.23113132542871462,-0.29102213696983004,0,0,0,0,0
2011-07-01,78.92475891113281,102.11175537109375,59.019046783447266,-0.06697580226092281,0.038320991962762285,-0.19031339283990434,0,0,0,0,1
2011-08-01,86.95156860351562,112.49906158447266,63.504676818847656,0.09685630114943411,0.09687702573741319,0.07325333523064437,0,0,0,0,0
2011-09-01,83.35044860839844,95.26744079589844,70.606689453125,-0.042297289524364956,-0.16625677742452982,0.1060113375941727,0,0,0,0,0
2011-10-01,76.33993530273438,92.34331512451172,64.18510437011719,-0.08785779157834561,-0.031174784995965155,-0.09535372685300114,0,0,0,0,1
2011-11-01,83.15767669677734,70.11003875732422,95.57453155517578,0.08554232502204684,-0.27544732769174907,0.39813521362002025,0,0,0,0,0
2011-12-01,85.34132385253906,77.47647857666016,88.89408111572266,0.02592026547419124,0.09990839803044693,-0.07246081706063201,0,0,0,0,0
2012-01-01,79.63497161865234,62.06843185424805,93.6095962524414,-0.06920545201375461,-0.22173687209949478,0.05168734111521722,0,0,0,0,1
2012-02-01,92.4458236694336,78.59986114501953,104.2074966430664,0.14916944456398618,0.2361324168737573,0.10725116918962563,0,0,0,0,0
2012-03-01,88.75997924804688,85.85698699951172,87.85648345947266,-0.04068691860889384,0.08831303733394336,-0.17067945809878005,0,0,0,0,0
2012-04-01,96.01668548583984,86.38436889648438,101.92078399658203,0.07858611924340408,0.006123773728129223,0.1484912706847199,0,0,0,0,0
2012-05-01,78.17115783691406,69.74354553222656,80.6348876953125,-0.2056212296058293,-0.21398186464560087,-0.23426447839052678,0,0,0,0,1
2012-06-01,77.82243347167969,82.17473602294922,70.23216247558594,-0.004471016318364107,0.16402302792121137,-0.13812504464417685,0,0,0,0,1
2012-07-01,82.80802154541016,91.00080108642578,79.33626556396484,0.06209519768144833,0.1020204024571596,0.12188898417692062,0,0,0,0,0
2012-08-01,74.87835693359375,78.11161804199219,70.9891586303711,-0.10066004599829093,-0.1527295053032196,-0.11116817517533306,0,0,0,0,1
2012-09-01,69.28050994873047,65.87126159667969,68.40282440185547,-0.07770126434932578,-0.17043654902675875,-0.03711305383452412,0,0,0,0,1
2012-10-01,81.66366577148438,88.03089904785156,74.20600891113281,0.16444555062725819,0.2899856230961664,0.08143101332345726,0,0,0,0,0
2012-11-01,81.38964080810547,89.04841613769531,75.65846252441406,-0.0033611734359748624,0.011492344972252155,0.01938416862317993,0,0,0,0,0
2012-12-01,74.83155822753906,82.9786148071289,66.24052429199219,-0.08400830466747777,-0.07059730169185574,-0.13293687306562685,0,0,0,0,1
2013-01-01,90.6574935913086,108.9493179321289,84.139892578125,0.19184890144148525,0.2722998793236737,0.2391883763757603,0,0,0,0,0
2013-02-01,81.59033203125,85.65817260742188,77.60531616210938,-0.10537782394265882,-0.24051816212726074,-0.0808448693712176,0,0,0,0,0
2013-03-01,75.89672088623047,69.39681243896484,81.89175415039062,-0.0723372945532228,-0.210523702684986,0.053762371779509266,0,0,0,0,1
2013-04-01,95.10787200927734,87.4727554321289,99.5219497680664,0.22563826186004388,0.23148644220535353,0.1949799166540327,0,0,0,0,0
2013-05-01,83.71731567382812,98.22759246826172,75.3292236328125,-0.12756590832570325,0.11595977986845618,-0.2785100649505381,0,0,0,0,0
2013-06-01,82.97300720214844,86.63420104980469,78.82188415527344,-0.008930493451707378,-0.12559248936285883,0.045322520444584846,0,0,0,0,0
2013-07-01,73.97581481933594,72.67587280273438,71.55718994140625,-0.1147771274520375,-0.17568521285222882,-0.09669368671058809,0,0,0,0,1
2013-08-01,90.95674896240234,106.97908782958984,80.73957824707031,0.2066458943862184,0.3866239184735285,0.12073190251443222,0,0,0,0,0
2013-09-01,100.4593276977539,100.16348266601562,100.38423156738281,0.09936883865618906,-0.06582969674209593,0.21777624700349296,0,0,0,0,0
2013-10-01,72.95311737060547,78.73002624511719,65.50166320800781,-0.31993593902948714,-0.24077906722149311,-0.4269296040137718,0,0,0,0,1
2013-11-01,77.77902221679688,52.43838119506836,92.4988784790039,0.06405475047758102,-0.40638582179255067,0.34512098508607636,0,0,0,0,1
2013-12-01,70.37248992919922,66.79072570800781,70.09461212158203,-0.10006933876631496,0.24192544543766203,-0.2773505886987353,0,0,0,0,1
2014-01-01,77.91596984863281,83.1458969116211,70.48076629638672,0.1018285175984266,0.2190326246030656,0.005493922910687843,0,0,0,0,1
2014-02-01,69.00352478027344,59.08655548095703,73.27865600585938,-0.12147334927693887,-0.34159344789953305,0.03892952556077045,0,0,0,0,1
2014-03-01,119.83855438232422,74.0618896484375,151.67477416992188,0.5519878697337166,0.22589767936078253,0.7274692052532448,0,0,0,0,0
2014-04-01,93.22154235839844,60.90629959106445,113.13993072509766,-0.2511666206312526,-0.1955644793346032,-0.2931132072983518,0,0,0,0,0
2014-05-01,83.4288558959961,76.15043640136719,91.6987533569336,-0.11098459268768757,0.22337419921005353,-0.2101165932501532,0,0,0,0,0
2014-06-01,98.76710510253906,107.18201446533203,95.32296752929688,0.16877036152989344,0.34181764891366573,0.0387619996587647,0,0,0,0,0
2014-07-01,138.7539520263672,118.54683685302734,162.71510314941406,0.33993763028454893,0.10077967113940556,0.5347300540947568,0,0,0,1,0
2014-08-01,136.44558715820312,112.11448669433594,158.59349060058594,-0.01677632902005577,-0.05578757836051196,-0.025656572637548614,0,0,0,1,0
2014-09-01,131.55665588378906,120.78192138671875,143.3953857421875,-0.036488304219511214,0.07446606507646969,-0.10073851536926437,0,0,0,1,0
2014-10-01,83.66100311279297,77.19393157958984,86.33345031738281,-0.45266464576075105,-0.4476657694471351,-0.5073886220596284,0,0,0,0,0
2014-11-01,84.38005065917969,76.33753204345703,88.46994018554688,0.00855805077202021,-0.011156129149549443,0.02444570733824314,0,0,0,0,0
2014-12-01,86.5262222290039,96.23736572265625,81.27322387695312,0.02511650808860555,0.23165298102317244,-0.08484622269705433,0,0,0,0,0
2015-01-01,111.9856948852539,153.33984375,83.50390625,0.25792362374472155,0.46583895982008805,0.027076799500418858,0,0,0,0,0
2015-02-01,111.92469787597656,107.79053497314453,118.22520446777344,-0.0005448341189877581,-0.3524668062660474,0.3476979058087295,0,0,0,0,0
2015-03-01,104.23526763916016,83.63285064697266,117.48873138427734,-0.07117577169720501,-0.25375345965820895,-0.006248892135764628,0,0,0,0,0
2015-04-01,102.19049072265625,95.08645629882812,110.18872833251953,-0.019811905408656294,0.1283501508161935,-0.0641478181191486,0,0,0,0,0
2015-05-01,76.2623291015625,72.86188507080078,77.66873168945312,-0.29265953212216456,-0.26622088029281255,-0.34974185493318455,0,0,0,0,1
2015-06-01,85.90596771240234,88.7894287109375,81.06608581542969,0.11907420381223499,0.19770193311166206,0.04281194347216388,0,0,0,0,0
2015-07-01,106.80866241455078,86.16881561279297,120.84297180175781,0.21778573262335765,-0.029959252480729504,0.39922725278815463,0,0,0,0,0
2015-08-01,82.47853088378906,74.0282974243164,85.33859252929688,-0.258501004224593,-0.1518609266481219,-0.3478651639656425,0,0,0,0,0
2015-09-01,98.7674560546875,79.34535217285156,115.88518524169922,0.18023013057043524,0.06936245377109795,0.30597313343413557,0,0,0,0,0
2015-10-01,91.931884765625,108.51441955566406,79.726318359375,-0.07172023848541276,0.313073191774925,-0.37400016945392167,0,0,0,0,0
2015-11-01,150.71588134765625,213.99351501464844,113.04398345947266,0.4943485640917942,0.679062647612068,0.34917722803976403,0,0,0,1,0
2015-12-01,148.23687744140625,204.6312713623047,115.224365234375,-0.01658496639510343,-0.04473602759636908,0.019104252533634458,0,0,0,1,0
2016-01-01,118.21114349365234,109.52909851074219,124.23914337158203,-0.22633914042027126,-0.6250194295183382,0.07532705419939223,0,0,0,0,0
2016-02-01,103.74964904785156,117.58201599121094,91.322021484375,-0.13049160069050636,0.0709458447473521,-0.3078163261792639,0,0,0,0,0
2016-03-01,109.72029113769531,127.76814270019531,98.02693176269531,0.055953543092690516,0.08308113769752268,0.07085029713243518,0,0,0,0,0
2016-04-01,85.22145080566406,93.12298583984375,80.82244110107422,-0.252681147360418,-0.31629618832260054,-0.19298759145633237,0,0,0,0,0
2016-05-01,88.3324203491211,93.63965606689453,84.46136474609375,0.035854029428323386,0.005532921786216782,0.04403954450071712,0,0,0,0,0
2016-06-01,90.16812896728516,100.85737609863281,80.51286315917969,0.020568825644324384,0.07425343134132856,-0.04787724540899507,0,0,0,0,0
2016-07-01,114.6104507446289,145.14874267578125,97.0980453491211,0.2398629661182019,0.3640516271646197,0.1873042823509561,0,0,0,0,0
2016-08-01,98.73848724365234,121.45369720458984,82.44046783447266,-0.1490641812466187,-0.17822593101266548,-0.16364481395334796,0,0,0,0,0
2016-09-01,104.54522705078125,121.15049743652344,95.48959350585938,0.05714496041027228,-0.0024995439701598343,0.1469408421699514,0,0,0,0,0
2016-10-01,85.74778747558594,100.30767822265625,79.64808654785156,-0.19820948884136413,-0.18879130860297888,-0.1813992602102461,0,0,0,0,0
2016-11-01,82.91875457763672,83.97505950927734,81.22564697265625,-0.03354901578980751,-0.1777224004539546,0.01961303390075031,0,0,0,0,0
2016-12-01,102.18046569824219,113.97946166992188,93.9366226196289,0.2088792536290569,0.30549842722063936,0.14538928071104884,0,0,0,0,0
2017-01-01,105.20123291015625,103.17117309570312,108.2770004272461,0.029134498394788544,-0.09962878781398388,0.14207243493489852,0,0,0,0,0
2017-02-01,114.20635986328125,97.15160369873047,125.66468048095703,0.08213196632966113,-0.06011680042262668,0.14892433110307213,0,0,0,0,0
2017-03-01,96.63587951660156,95.67454528808594,95.83842468261719,-0.1670568904177685,-0.015320404508563534,-0.2709533961826125,0,0,0,0,0
2017-04-01,119.45992279052734,108.06884002685547,127.44654846191406,0.2120308451581172,0.1218161530940538,0.2850333516672041,0,0,0,0,0
2017-05-01,102.57996368408203,99.70480346679688,102.35460662841797,-0.152338313047502,-0.08055457670951416,-0.21925372927133235,0,0,0,0,0
2017-06-01,126.78901672363281,146.67166137695312,113.16846466064453,0.21188179141696395,0.38598263749440864,0.10043422654497203,0,0,0,1,0
2017-07-01,102.81346130371094,71.9550552368164,125.59920501708984,-0.20960812837022846,-0.7121548012275722,0.10421837831039227,0,0,0,0,0
2017-08-01,138.5316162109375,108.43595123291016,160.02310180664062,0.29818228448519246,0.4101179961811976,0.24222226657033552,0,0,0,1,0
2017-09-01,115.5344467163086,84.09626770019531,142.1448974609375,-0.18152985000247224,-0.2541975007747421,-0.11847124910582618,0,0,0,0,0
2017-10-01,91.4615707397461,69.15699768066406,109.23060607910156,-0.2336498333203636,-0.19558293802405036,-0.26338564250618113,0,0,0,0,0
2017-11-01,92.59601593017578,80.11587524414062,103.94397735595703,0.012327224069586862,0.14709477858541842,-0.04960922475869989,0,0,0,0,0
2017-12-01,82.71825408935547,62.65747833251953,95.908447265625,-0.11280581194691486,-0.24579098618913786,-0.080458012617175,0,0,0,0,0
2018-01-01,92.42678833007812,75.66629028320312,107.64431762695312,0.11097654935451828,0.18864971351180593,0.11543837467262019,0,0,0,0,0
2018-02-01,64.49137115478516,52.002201080322266,74.68311309814453,-0.3598854193156713,-0.37504670841678633,-0.3655784331478573,0,0,0,0,1
2018-03-01,111.96229553222656,64.55758666992188,146.9270782470703,0.551630733276725,0.21627159591266265,0.6766823937111459,0,0,0,0,0
2018-04-01,123.26347351074219,94.30585479736328,146.39566040039062,0.09616195791046867,0.37898563257465767,-0.0036234383366187117,0,0,0,1,0
2018-05-01,125.66661834716797,63.21790313720703,172.21670532226562,0.019308388780994612,-0.39995573611588675,0.16244063943729348,0,0,0,1,0
2018-06-01,103.96858978271484,56.64043426513672,137.0244598388672,-0.18954368207083405,-0.10986442205823543,-0.22859414958956137,0,0,0,0,0
2018-07-01,110.02842712402344,84.4084701538086,129.1023406982422,0.05664992860206297,0.3989446373725336,-0.059554020280881304,0,0,0,0,0
2018-08-01,112.74168395996094,68.57559204101562,145.11407470703125,0.024360458404210306,-0.207731083570855,0.11691472665350755,0,0,0,0,0
2018-09-01,75.05390930175781,51.163917541503906,88.62364196777344,-0.40689257318986183,-0.29290212218306166,-0.4931214938532671,0,0,0,0,1
2018-10-01,92.0164794921875,61.150474548339844,115.21215057373047,0.2037610399030596,0.1783030744159504,0.26237655504899493,0,0,0,0,0
2018-11-01,80.40758514404297,47.40216827392578,105.16685485839844,-0.134859171600632,-0.25466965067065717,-0.09122703365677864,0,0,0,0,0
2018-12-01,90.607666015625,66.24092864990234,106.06269836425781,0.11943030900584084,0.3346305576214488,0.008482230477523167,0,0,0,0,0
2019-01-01,87.42410278320312,55.7335090637207,112.98045349121094,-0.035767803134453935,-0.17271696441718554,0.06318441254517104,0,0,0,0,0
2019-02-01,96.80016326904297,57.51169967651367,127.857421875,0.10187766075085136,0.031406834705865805,0.1237009256836874,0,0,0,0,0
2019-03-01,82.32829284667969,66.64120483398438,90.78959655761719,-0.161933855344631,0.14733467769623676,-0.342371047793379,0,0,0,0,0
2019-04-01,79.25344848632812,57.51552963256836,95.45539855957031,-0.038063899766394904,-0.14726808553229276,0.050114403917646655,0,0,0,0,1
2019-05-01,106.4719009399414,64.66343688964844,134.97251892089844,0.29523018356406805,0.11714093223796862,0.3464120865636593,0,0,0,0,0
2019-06-01,106.58845520019531,53.42063903808594,142.6534881591797,0.0010940962832526324,-0.19099875400721622,0.05534733576337736,0,0,0,0,0
2019-07-01,93.52125549316406,47.41885757446289,126.93077850341797,-0.13078646374462366,-0.11917718142755307,-0.11677664322100956,0,0,0,0,0
2019-08-01,103.4044189453125,70.09744262695312,124.72541809082031,0.10045895563972174,0.3908663228835123,-0.017527220867357585,0,0,0,0,0
2019-09-01,90.36798858642578,67.81023406982422,110.8709487915039,-0.13475760144651527,-0.03317318305327177,-0.11774776440129386,0,0,0,0,0
2019-10-01,97.83673095703125,69.96658325195312,121.31104278564453,0.07940998255933263,0.031304617413324465,0.08999094734477353,0,0,0,0,0
2019-11-01,73.07838439941406,53.03253173828125,84.5873031616211,-0.29176745471126164,-0.27711221431858535,-0.36057367426912634,0,0,0,0,1
2019-12-01,74.27989196777344,63.33135223388672,80.11077117919922,0.016307658113873025,0.1774749708528538,-0.05437385783278259,0,0,0,0,1
2020-01-01,138.4209442138672,81.65093994140625,190.8443603515625,0.6224590806676389,0.25407282870062176,0.868047911908282,0,0,0,1,0
2020-02-01,75.95555877685547,56.68605041503906,87.1624526977539,-0.6001509464436943,-0.36492517514756084,-0.7836845787358708,0,0,0,0,1
2020-03-01,81.54003143310547,62.90298843383789,97.09007263183594,0.07094566656856749,0.10406551741100145,0.10786548161283616,0,0,0,0,0
2020-04-01,69.33940124511719,47.59123229980469,81.76082611083984,-0.16208077772195395,-0.2789451245605483,-0.17184090096973836,0,0,0,0,1
2020-05-01,68.50721740722656,42.29555892944336,83.35546112060547,-0.012074201835184262,-0.11796645819632934,0.019315896893888684,0,0,0,0,1
2020-06-01,71.22785949707031,49.760887145996094,85.86660766601562,0.03894492363013047,0.16254718607596663,0.029680891048833757,0,0,0,0,1
2020-07-01,66.47328186035156,36.25208282470703,88.73797607421875,-0.0690839365651783,-0.31673243988532684,0.032892919880822546,0,0,0,0,1
2020-08-01,65.46604919433594,28.454627990722656,90.00911712646484,-0.015268415042561045,-0.24218601851337596,0.014223028281496575,0,0,0,0,1
2020-09-01,80.37738037109375,49.51808166503906,101.25764465332031,0.20520112258442236,0.5540270706663009,0.11775723928051285,0,0,0,0,0
2020-10-01,76.08316802978516,42.68144226074219,97.65258026123047,-0.05490573979355595,-0.14857367074768923,-0.03625212534560163,0,0,0,0,1
2020-11-01,70.06746673583984,62.31394577026367,79.03644561767578,-0.08236846974600187,0.3784210310942919,-0.2115069975232391,0,0,0,0,1
2020-12-01,64.06729125976562,31.744428634643555,86.81527709960938,-0.08952463146182055,-0.6744680155161511,0.09387352661477433,0,0,0,0,1
2021-01-01,77.418701171875,48.2874870300293,98.47562408447266,0.18929441168622585,0.41945522552668235,0.1260264366971242,0,0,0,0,1
2021-02-01,73.95680236816406,46.326778411865234,94.48355865478516,-0.04574719764543733,-0.04145229806433148,-0.04138320945441709,0,0,0,0,1
2021-03-01,78.61876678466797,49.41804122924805,100.85202026367188,0.06112926312629252,0.06459540326270075,0.06522845968727786,0,0,0,0,1
2021-04-01,88.16622161865234,67.87379455566406,109.58695983886719,0.11461348071445165,0.31733445373536506,0.08306409130168468,0,0,0,0,0
2021-05-01,93.00713348388672,52.62611389160156,120.7828369140625,0.05345227952551923,-0.25443755996238115,0.09727580901772725,0,0,0,0,0
2021-06-01,74.12712097167969,46.34864044189453,92.54654693603516,-0.22689472398499433,-0.1270204992125894,-0.26628246881070794,0,0,0,0,1
2021-07-01,58.42076873779297,50.7158317565918,64.03631591796875,-0.2381100146695152,0.09004616614448047,-0.36826136942304544,0,0,0,0,1
2021-08-01,89.4865493774414,76.48285675048828,103.20159149169922,0.4264168720161745,0.4108284956579671,0.4772339157128682,0,0,0,0,0
2021-09-01,80.69696807861328,67.94027709960938,92.04731750488281,-0.10338732340840817,-0.11843757963751322,-0.11438150882302,0,0,0,0,0
2021-10-01,79.02923583984375,61.149112701416016,93.80802917480469,-0.020883146364085725,-0.10531368948683895,0.018947685690591243,0,0,0,0,1
2021-11-01,86.56914520263672,39.74269104003906,121.5009536743164,0.09112560319042995,-0.43088940084326977,0.25867166069380865,0,0,0,0,0
2021-12-01,105.34542083740234,47.65493392944336,155.3102569580078,0.19630121200138095,0.18156021896667118,0.24550266214405347,0,0,0,0,0
2022-01-01,138.67498779296875,63.251529693603516,199.48751831054688,0.2748883047946684,0.2831331422405903,0.25032689544806086,0,0,0,1,0
2022-02-01,216.1590118408203,105.21830749511719,320.6058654785156,0.44388132486155385,0.5089179985876058,0.4744608658114968,0,0,1,1,0
2022-03-01,318.9549255371094,250.9558563232422,403.713623046875,0.38903549076779065,0.869239741660591,0.23049323743636663,0,0,1,1,0
2022-04-01,191.14309692382812,184.41781616210938,221.91055297851562,-0.5120274474528905,-0.3080731290559271,-0.5984313865918773,0,0,1,1,0
2022-05-01,142.25848388671875,140.13734436035156,166.424560546875,-0.29537663418363636,-0.2745809505284482,-0.2877322692334907,0,0,0,1,0
2022-06-01,130.7073211669922,114.81468963623047,160.72695922851562,-0.08468507779686263,-0.19930353865488382,-0.034835097039737306,0,0,0,1,0
2022-07-01,117.17676544189453,97.83872985839844,141.24293518066406,-0.10927702370451353,-0.15999892473197352,-0.1292256675403891,0,0,0,0,0
2022-08-01,132.86322021484375,111.15857696533203,159.38302612304688,0.12563656919182087,0.12763729364183618,0.12082892227680375,0,0,0,1,0
2022-09-01,131.98587036132812,108.6280746459961,170.31179809570312,-0.006625305458692665,-0.02302791478660815,0.06632058894372062,0,0,0,1,0
2022-10-01,143.16241455078125,112.6750259399414,185.2843017578125,0.0812848777152535,0.036577910469344666,0.08426054814374506,0,0,0,1,0
2022-11-01,116.7162857055664,98.68260955810547,143.0465545654297,-0.20423367040885232,-0.13259906283388112,-0.25872127804035294,0,0,0,0,0
2022-12-01,111.19593811035156,109.772216796875,119.1385269165039,-0.04845222808136196,0.10649872645798286,-0.18288322586208938,0,0,0,0,0
2023-01-01,104.26704406738281,94.62993621826172,113.02135467529297,-0.06433851379613653,-0.1484335859118291,-0.05271012753208826,0,0,0,0,0
2023-02-01,120.99437713623047,103.02875518798828,147.05015563964844,0.14878873499988998,0.0850342493414189,0.263196943127209,0,0,0,1,0
2023-03-01,105.37997436523438,86.75404357910156,125.08584594726562,-0.13817145304761613,-0.1719310962460039,-0.16177345424906964,0,0,0,0,0
2023-04-01,106.80965423583984,93.2484130859375,118.16682434082031,0.013475696386480607,0.07219001093043342,-0.05690287752332157,0,0,0,0,0
2023-05-01,108.46768188476562,92.75943756103516,122.47150421142578,0.015403947890019865,-0.005257591543228912,0.035780992602454376,0,0,0,0,0
2023-06-01,110.52894592285156,95.2789077758789,129.40652465820312,0.018825174909435027,0.026799012681208545,0.055080418950254284,0,0,0,0,0
2023-07-01,107.44878387451172,91.76800537109375,123.80915069580078,-0.028263135741774192,-0.03754475016391101,-0.044217530522105974,0,0,0,0,0
2023-08-01,101.14118194580078,83.60504913330078,117.60943603515625,-0.0604969231465331,-0.09315979690979415,-0.05137200203098491,0,0,0,0,0
2023-09-01,98.63481140136719,68.4659194946289,125.65179443359375,-0.025093125710785813,-0.19976781876283578,0.06614527445431762,0,0,0,0,0
2023-10-01,197.8870086669922,221.80393981933594,205.04005432128906,0.6962719483985449,1.1754577418597147,0.4896908018918822,0,0,0,1,0
2023-11-01,156.69613647460938,189.5543975830078,143.49435424804688,-0.23338771100272382,-0.15711779588049257,-0.3569096557794591,0,0,0,1,0
2023-12-01,142.2794647216797,173.96380615234375,136.1783905029297,-0.09651530857765867,-0.08582877485600005,-0.05232997011617524,0,0,0,1,0
2024-01-01,160.3736572265625,208.4711456298828,140.83609008789062,0.11971326526444503,0.180953374439083,0.033631011435761415,0,0,0,1,0
2024-02-01,146.59817504882812,171.18118286132812,140.2446746826172,-0.08981110932254843,-0.19707809692412148,-0.004208159021608537,0,0,0,1,0
2024-03-01,133.21316528320312,151.81399536132812,121.53968048095703,-0.0957447491831811,-0.1200664877056532,-0.14314777572162285,0,0,0,1,0
2024-04-01,163.9473419189453,165.99069213867188,170.697998046875,0.207594698720432,0.08927565856278186,0.33965510404525645,0,0,0,1,0
2024-05-01,130.52186584472656,133.154296875,131.44712829589844,-0.22800452331220367,-0.220423132656415,-0.2612911972514871,0,0,0,1,0
2024-06-01,113.0927963256836,109.73841094970703,125.71302795410156,-0.14333207896399003,-0.19340913128582393,-0.04460295112031609,0,0,0,0,0
2024-07-01,92.3948745727539,95.11029815673828,95.1602783203125,-0.20213718101153333,-0.14306220003693504,-0.27843914326426766,0,0,0,0,0
2024-08-01,140.97506713867188,165.17947387695312,124.80498504638672,0.4225115388210856,0.5519953518761582,0.2711897892274546,0,0,0,1,0
2024-09-01,130.35877990722656,135.5546112060547,134.03704833984375,-0.07829255142346359,-0.19765800937357536,0.07136384246588534,0,0,0,1,0
2024-10-01,130.689208984375,142.81838989257812,128.40969848632812,0.0025315594655408447,0.05219922852019998,-0.0428903200994295,0,0,0,1,0
2024-11-01,128.90164184570312,127.42887115478516,139.14866638183594,-0.01377240675642799,-0.11401548674083273,0.08031698210719629,0,0,0,1,0
2024-12-01,142.36643981933594,164.81373596191406,128.26246643066406,0.09935464855203069,0.2572576276519998,-0.08146422042857804,0,0,0,1,0
