date,gold_price,R_GOLD,sp500,R_SP500,VIX,D_GULF,D_911,D_UKR,EPISODE_ACTIVE,GPR,GPRA,GPRT,dln_GPR,dln_GPRA,dln_GPRT,D_GULF,D_911,D_UKR,WAR_HIGH,CONTROL,R_GOLD_LEAD
1992-05-01,337.24,-0.4083691645610861,415.3500061035156,0.096349251741979,15.077000000000002,0,0,0,0,78.96814727783203,56.43539047241211,93.08229064941406,-0.0836224916551353,-0.2763763273293023,0.0047500106666307,0,0,0,0,1,1.053029419320108
1992-07-01,352.72,3.434940380200619,424.2099914550781,3.8618306803876776,13.601818181818182,0,0,0,0,75.19676971435547,51.642940521240234,92.42886352539062,-0.2215797986938934,0.0377448367070769,-0.2965493655004856,0,0,0,0,1,-2.776918206800325
1992-09-01,345.43,0.6884658778490954,417.7999877929687,0.9064387885347568,13.696666666666667,0,0,0,0,74.6097183227539,45.73872375488281,92.68926239013672,-0.0901121978819103,-0.4278262634028502,0.0569649859392011,0,0,0,0,1,-0.3044318902130121
1992-10-01,344.38,-0.3044318902130121,418.6799926757813,0.2104067588025681,17.63681818181818,0,0,0,0,68.18277740478516,58.99306106567383,71.33625793457031,-0.090078768911435,0.2544745418944636,-0.2618479094451116,0,0,0,0,1,-2.7555467322499223
1993-12-01,383.3,2.501682376362357,466.4500122070313,1.0040598783038786,11.356363636363636,0,0,0,0,79.55179595947266,50.134674072265625,97.06568145751952,-0.0482008934173885,-0.0240677006937777,-0.0798189195895471,0,0,0,0,1,0.929659503991841
1995-02-01,376.64,-0.5058340477403805,487.3900146484375,3.5438712774815286,11.47,0,0,0,0,76.87532806396484,77.14599609375,72.59407043457031,-0.0417732536013852,0.0904124355342759,-0.1565807126449501,0,0,0,0,1,1.4444871329895772
1995-09-01,383.06,-0.1591173238823301,584.4099731445312,3.931443269158869,12.057,0,0,0,0,71.20516967773438,68.81755065917969,72.98401641845703,-0.4066537290988297,-0.3813566377094872,-0.4846500266263156,0,0,0,0,1,0.020882276243982
1995-10-01,383.14,0.020882276243982,581.5,-0.4991773385712522,14.357272727272727,0,0,0,0,67.74150085449219,69.12648010253906,64.2778091430664,-0.0498664203671674,0.004479062386852,-0.1270260067406994,0,0,0,0,1,0.5647747460594816
1995-11-01,385.31,0.5647747460594816,605.3699951171875,4.022886132135168,12.46904761904762,0,0,0,0,76.33349609375,69.86588287353516,78.8126220703125,0.1194128438681003,0.0106395737178104,0.2038587053317586,0,0,0,0,1,0.5512792997423769
1995-12-01,387.44,0.5512792997423769,615.9299926757812,1.7293475541394994,11.7485,0,0,0,0,65.67205810546875,55.363800048828125,68.98201751708984,-0.150438307287823,-0.232651493848575,-0.1332273076571457,0,0,0,0,1,3.05276028330773
1996-01-01,399.45,3.05276028330773,636.02001953125,3.20967312736511,13.473636363636365,0,0,0,0,75.63492584228516,79.68246459960938,73.66007995605469,0.1412446187168816,0.3641235925638462,0.065615141554133,0,0,0,0,1,1.320569793350834
1996-05-01,391.93,-0.2344607205715387,669.1199951171875,2.259617855050066,16.14636363636364,0,0,0,0,65.53082275390625,68.71073913574219,59.1929931640625,-0.2581123882422806,-0.361635850717044,-0.1851385827614855,0,0,0,0,1,-1.713886522205612
1996-06-01,385.27,-1.713886522205612,670.6300048828125,0.2254167426791978,16.395,0,0,0,0,69.08858489990234,61.67017364501953,72.52593231201172,0.0528689119591332,-0.1081051015968537,0.2031410087982381,0,0,0,0,1,-0.4682996304516208
1996-10-01,381.07,-0.5417372351877848,705.27001953125,2.5766184810720274,16.38173913043478,0,0,0,0,55.58683013916016,49.54435729980469,56.879756927490234,-0.461626368201844,-0.6279984834015848,-0.4255234691593061,0,0,0,0,1,-0.8485793818348233
1996-11-01,377.85,-0.8485793818348233,757.02001953125,7.080896305654677,15.997,0,0,0,0,57.34461212158203,51.038421630859375,58.0576171875,0.0311325866505862,0.0297103390209261,0.0204964051766989,0,0,0,0,1,-2.3700647426201793
1996-12-01,369.0,-2.3700647426201793,740.739990234375,-2.1740025620189605,19.260952380952386,0,0,0,0,74.98263549804688,66.17648315429688,80.17862701416016,0.2681776681884082,0.259746446071345,0.3228210660374166,0,0,0,0,1,-3.8369043406615218
1997-01-01,355.11,-3.8369043406615218,786.1599731445312,5.9510626546169565,19.473333333333333,0,0,0,0,54.06243515014648,55.227325439453125,53.25782775878906,-0.3271169748806435,-0.1808673035943275,-0.4091121893221645,0,0,0,0,1,-2.4313928421812663
1997-02-01,346.58,-2.4313928421812663,790.8200073242188,0.5910091189056065,20.139473684210525,0,0,0,0,50.559940338134766,43.509159088134766,54.501365661621094,-0.0669800153396789,-0.2384863871935785,0.0230809654155259,0,0,0,0,1,1.4977584928983556
1997-03-01,351.81,1.4977584928983556,757.1199951171875,-4.354863618214284,20.17,0,0,0,0,58.48006057739258,59.907318115234375,56.36629867553711,0.1455262814892761,0.3198272001850402,0.0336456793245827,0,0,0,0,1,-2.1084253207882653
1997-04-01,344.47,-2.1084253207882653,801.3400268554688,5.676360503236183,19.662272727272725,0,0,0,0,62.844486236572266,61.28048324584961,62.37605667114258,0.0719773509489156,0.0226627414003619,0.1013100558564819,0,0,0,0,1,-0.183057103899996
1997-05-01,343.84,-0.183057103899996,848.280029296875,5.692544457452351,19.924761904761905,0,0,0,0,53.57601547241211,49.572898864746094,53.54428482055664,-0.1595617068536055,-0.2120171207194983,-0.1526724293896091,0,0,0,0,1,-0.8998015719560604
1997-06-01,340.76,-0.8998015719560604,885.1400146484375,4.253503662890388,20.194285714285712,0,0,0,0,39.045623779296875,38.63948059082031,36.68563461303711,-0.3163706925071916,-0.2491697235600227,-0.3781238141629761,0,0,0,0,1,-5.012630702713791
1997-07-01,324.1,-5.012630702713791,954.3099975585938,7.524272255849243,20.529090909090908,0,0,0,0,47.69842529296875,43.43375015258789,47.428409576416016,0.2001675817291097,0.1169622251887334,0.2568361563147796,0,0,0,0,1,-0.0277730633931111
1997-08-01,324.01,-0.0277730633931111,899.469970703125,-5.918289529406516,23.084761904761905,0,0,0,0,48.582298278808594,49.42500305175781,46.30862808227539,0.0183608469878504,0.1292196386257575,-0.0238931119100191,0,0,0,0,1,-0.3679487168437128
1997-09-01,322.82,-0.3679487168437128,947.280029296875,5.178908254907495,23.812380952380952,0,0,0,0,42.6890869140625,41.08793258666992,41.63934326171875,-0.1293159198247488,-0.1847419634418026,-0.106282823590206,0,0,0,0,1,0.6330209963264208
1997-10-01,324.87,0.6330209963264208,914.6199951171876,-3.508607782077327,23.87086956521739,0,0,0,0,49.746307373046875,34.460205078125,58.68946075439453,0.1529929254060977,-0.1759092850846144,0.3432146946862251,0,0,0,0,1,-5.970928994474653
1997-11-01,306.04,-5.970928994474653,955.4000244140624,4.362145338032799,32.20611111111111,0,0,0,0,59.6933708190918,32.765533447265625,79.03630828857422,0.1822847354841941,-0.0504280289073868,0.297647178977579,0,0,0,0,1,-5.818918316198264
1997-12-01,288.74,-5.818918316198264,970.4299926757812,1.5609138181524678,26.276363636363637,0,0,0,0,43.998268127441406,35.839134216308594,48.36233139038086,-0.3050707002730961,0.0896632775358132,-0.491186111823966,0,0,0,0,1,0.1246019820631865
1998-01-01,289.1,0.1246019820631865,980.280029296875,1.0099010336863457,23.8665,0,0,0,0,53.0963020324707,42.487815856933594,59.82126998901367,0.1879570118461111,0.1701769182050405,0.212640049501009,0,0,0,0,1,2.8607961953061425
1998-02-01,297.49,2.8607961953061425,1049.3399658203125,6.807836648858761,19.998947368421053,0,0,0,0,77.59761810302734,45.368019104003906,101.84082794189452,0.3794294479197195,0.0655900826925242,0.5320498008956474,0,0,0,0,1,-0.5223879900973688
1998-03-01,295.94,-0.5223879900973688,1101.75,4.8738462205499475,20.158636363636365,0,0,0,0,57.24806213378906,44.5167121887207,65.50199890136719,-0.3041429394994743,-0.0189427583296257,-0.4413304242924969,0,0,0,0,1,4.088416735263962
1998-04-01,308.29,4.088416735263962,1111.75,0.9035525668709444,22.02857142857143,0,0,0,0,50.99658203125,38.00284957885742,58.76738357543945,-0.1156351811866405,-0.1582035276396953,-0.1084936598506365,0,0,0,0,1,-3.0262932791125503
1998-06-01,292.32,-2.2928873006205817,1133.8399658203125,3.868041398243032,21.66272727272727,0,0,0,0,76.30907440185547,48.77885437011719,94.95468139648438,-0.2135273815477898,0.1076001402492345,-0.3125865062952,0,0,0,0,1,0.187973192278463
1998-07-01,292.87,0.187973192278463,1120.6700439453125,-1.168331178413525,19.930000000000003,0,0,0,0,54.04841613769531,38.29932403564453,64.22628021240234,-0.344911621774957,-0.2418646600335585,-0.3909872638117351,0,0,0,0,1,-3.036733743816851
1998-09-01,288.98,1.699599445115281,1017.010009765625,6.052627819818775,38.2047619047619,0,0,0,0,62.51344299316406,55.129615783691406,68.4769515991211,-0.4395443726917634,-0.8092932133933495,-0.2035878019000261,0,0,0,0,1,2.3765458304770113
1998-10-01,295.93,2.3765458304770113,1098.6700439453125,7.72334378916789,36.60818181818182,0,0,0,0,54.40364837646485,48.27804183959961,57.89592742919922,-0.1389504041479674,-0.1327102263098374,-0.1678501715481664,0,0,0,0,1,-0.6135092542213849
1998-11-01,294.12,-0.6135092542213849,1163.6300048828125,5.744403620469628,26.223000000000003,0,0,0,0,67.96592712402344,38.602264404296875,88.07134246826172,0.2225752905352611,-0.2236658989153306,0.4195001518023389,0,0,0,0,1,-0.8330536397668564
1998-12-01,291.68,-0.8330536397668564,1229.22998046875,5.484350764671906,25.479090909090907,0,0,0,0,75.95989227294922,64.999755859375,86.2803955078125,0.1111989598432687,0.5210725758050545,-0.0205447903832389,0,0,0,0,1,-1.5896388368481846
1999-01-01,287.08,-1.5896388368481846,1279.6400146484375,4.0190858615482234,28.035263157894736,0,0,0,0,63.98722457885742,53.77272033691406,69.46121215820312,-0.1715220202570568,-0.1896172322427518,-0.216833907181118,0,0,0,0,1,0.0870458438346795
1999-02-01,287.33,0.0870458438346795,1238.3299560546875,-3.281513760025149,28.82263157894737,0,0,0,0,58.316383361816406,44.1739501953125,67.28399658203125,-0.0928003753872035,-0.1966310283916743,-0.0318460822023176,0,0,0,0,1,-0.4779440101566837
1999-06-01,261.31,-5.628635724138782,1372.7099609375,5.300823759008801,23.626363636363635,0,0,0,0,79.4105453491211,83.76152038574219,75.96134948730469,-0.0731964470147392,0.0375893909757953,-0.1626450313095073,0,0,0,0,1,-2.021754632019828
1999-07-01,256.08,-2.021754632019828,1328.719970703125,-3.25708089457425,21.04904761904762,0,0,0,0,62.14287185668945,54.25792694091797,66.83728790283203,-0.2451950535877971,-0.4342246176169175,-0.1279635246046373,0,0,0,0,1,0.2379235476940403
1999-08-01,256.69,0.2379235476940403,1320.4100341796875,-0.6273730443188987,24.323636363636364,0,0,0,0,62.858642578125,57.959991455078125,65.2621078491211,0.0114523179621555,0.0660038695516909,-0.0238495370493652,0,0,0,0,1,3.087908114707682
1999-09-01,264.74,3.087908114707682,1282.7099609375,-2.8967323421100266,24.541428571428572,0,0,0,0,69.58151245117188,62.21402740478515,75.54266357421875,0.1016104695842541,0.0708275252717971,0.1462859872157906,0,0,0,0,1,16.014397281733533
1999-10-01,310.72,16.014397281733533,1362.9300537109375,6.066183660855315,24.021428571428572,0,0,0,0,72.35348510742188,60.16195297241211,79.38410949707031,0.0390647156727794,-0.0335403532094051,0.0496006388348728,0,0,0,0,1,-5.81054302410751
1999-11-01,293.18,-5.81054302410751,1388.9100341796875,1.8882457961593264,21.81809523809524,0,0,0,0,57.9638671875,52.49796676635742,60.38698196411133,-0.2217437851386634,-0.1362657014991879,-0.2735246646299938,0,0,0,0,1,-3.5092537981249934
2000-01-01,284.32,0.4406147525706168,1394.4599609375,-5.224485096542008,23.202,0,0,0,0,64.45780944824219,64.25041198730469,65.57360076904297,-0.2893235678903743,-0.2970063229668742,-0.3760664158255498,0,0,0,0,1,5.321533466041589
2000-02-01,299.86,5.321533466041589,1366.4200439453125,-2.0313002436901426,23.5955,0,0,0,0,63.54172134399414,68.08216857910156,57.65135955810547,-0.014314173503453,0.0579272011438281,-0.1287593582482733,0,0,0,0,1,-4.596118079096868
2000-03-01,286.39,-4.596118079096868,1498.5799560546875,9.232375063667664,22.718260869565217,0,0,0,0,50.10198593139648,40.81640625,55.03073501586914,-0.2376360725344088,-0.5116312225978201,-0.0465219817830773,0,0,0,0,1,-2.3672671299076433
2000-04-01,279.69,-2.3672671299076433,1452.4300537109375,-3.127991095339023,27.164210526315788,0,0,0,0,48.6827392578125,40.91702651977539,53.30490493774414,-0.0287361094154383,0.0024621581939592,-0.0318634955857835,0,0,0,0,1,-1.622007878703804
2000-05-01,275.19,-1.622007878703804,1420.5999755859375,-2.2158752395755528,26.37318181818182,0,0,0,0,79.48287963867188,83.22781372070312,77.26969909667969,0.4902171107730955,0.7100353187407,0.371273535721361,0,0,0,0,1,3.758554078465064
2000-06-01,285.73,3.758554078465064,1454.5999755859375,2.3651631558432373,21.54,0,0,0,0,64.71781921386719,53.17440032958984,73.57466888427734,-0.2055050715361916,-0.4480045077661696,-0.0490010940316798,0,0,0,0,1,-1.459519668461705
2000-07-01,281.59,-1.459519668461705,1430.8299560546875,-1.6476267193485266,19.893,0,0,0,0,51.904022216796875,41.059078216552734,57.31697463989258,-0.220640289946727,-0.2585651220541765,-0.2497039723420826,0,0,0,0,1,-2.561014693015382
2000-08-01,274.47,-2.561014693015382,1517.6800537109375,5.892822369153254,18.08869565217391,0,0,0,0,46.49225616455078,41.58592224121094,49.192291259765625,-0.1101105218998843,0.0127497406623628,-0.1528598918734172,0,0,0,0,1,-0.2882424690204409
2000-09-01,273.68,-0.2882424690204409,1436.510009765625,-5.496632087674741,19.6875,0,0,0,0,52.689998626708984,35.192142486572266,64.44499206542969,0.125139893528309,-0.166938869458828,0.2700750942248344,0,0,0,0,1,-1.3537581670974528
2000-10-01,270.0,-1.3537581670974528,1429.4000244140625,-0.4961774691885913,25.2,0,0,0,0,76.45652770996094,77.61014556884766,82.38760375976562,0.3722966559217457,0.7908753276373974,0.2456229620543988,0,0,0,0,1,-1.488805693834942
2000-11-01,266.01,-1.488805693834942,1314.949951171875,-8.345618792359105,26.38285714285714,0,0,0,0,45.06056213378906,47.206809997558594,44.357688903808594,-0.5287149039247163,-0.4971599987162935,-0.6191489233163137,0,0,0,0,1,2.024405829143484
2000-12-01,271.45,2.024405829143484,1320.280029296875,0.4045252545684775,26.5305,0,0,0,0,45.39509963989258,43.98335266113281,46.16897964477539,0.0073967516197117,-0.070726948077751,0.0400220738399039,0,0,0,0,1,-2.220078516222973
2001-01-01,265.49,-2.220078516222973,1366.010009765625,3.4050231409260965,24.918571428571425,0,0,0,0,46.89955520629883,38.343318939208984,53.70235824584961,0.0326040297586995,-0.1372309138769756,0.1511487794301622,0,0,0,0,1,-1.372897777386216
2001-02-01,261.87,-1.372897777386216,1239.93994140625,-9.683114482086731,23.411578947368422,0,0,0,0,55.08771133422851,45.42667388916016,63.68989181518555,0.1609184749649652,0.1695191632782422,0.1705689500231324,0,0,0,0,1,0.4419896698151064
2001-03-01,263.03,0.4419896698151064,1160.3299560546875,-6.635853454793589,28.49681818181818,0,0,0,0,61.708953857421875,56.86698913574219,66.72218322753906,0.1135023731296485,0.224615553873178,0.0465116139839905,0,0,0,0,1,-0.974201129934359
2001-04-01,260.48,-0.974201129934359,1249.4599609375,7.400701716559068,28.133999999999997,0,0,0,0,50.5687370300293,47.17219924926758,52.7736701965332,-0.199095499535602,-0.1869102968829064,-0.2345250839359116,0,0,0,0,1,4.459863780059043
2001-05-01,272.36,4.459863780059043,1255.8199462890625,0.5077276192499077,22.944090909090907,0,0,0,0,60.376861572265625,56.86418914794922,61.344993591308594,0.177272404900429,0.1868610581809817,0.150501167958962,0,0,0,0,1,-0.7851272384410314
2001-06-01,270.23,-0.7851272384410314,1224.3800048828125,-2.53541054918207,20.94047619047619,0,0,0,0,72.06433868408203,64.2144775390625,79.31310272216797,0.1769533678416621,0.121562913823781,0.2568897810061274,0,0,0,0,1,-1.0041738649872864
2001-07-01,267.53,-1.0041738649872864,1211.22998046875,-1.0798241319025237,22.31619047619047,0,0,0,0,61.072940826416016,52.618770599365234,65.49278259277344,-0.1654904117492428,-0.1991557805249262,-0.1914633976330071,0,0,0,0,1,1.8003153301489414
2001-08-01,272.39,1.8003153301489414,1133.5799560546875,-6.625562852916861,21.86173913043478,0,0,0,0,64.10773468017578,74.89220428466797,55.23207473754883,0.0484961213995669,0.3529768918725566,-0.1703960985298884,0,0,0,0,1,3.969503351475227
2007-04-01,679.368,3.668803679306965,1482.3699951171875,4.237984325323969,12.933000000000002,0,0,0,0,76.6133804321289,83.41928100585938,69.22551727294922,-0.1309967569760166,-0.0059678353388097,-0.2187450585305193,0,0,0,0,1,-1.7908248673735188
2008-03-01,968.43,4.880565327671761,1322.699951171875,-0.5977452826418692,27.103500000000004,0,0,0,0,77.63613891601562,83.48439025878906,72.02967834472656,-0.0393430759564843,-0.038402935506089,-0.0069015070639206,0,0,0,0,1,-6.2550336115858505
2008-04-01,909.71,-6.2550336115858505,1385.5899658203125,4.645095190758541,21.562727272727273,0,0,0,0,71.9048080444336,69.99274444580078,69.45796966552734,-0.0766898926987265,-0.1762680854693021,-0.0363564166977132,0,0,0,0,1,-2.34077813720079
2008-05-01,888.663,-2.34077813720079,1400.3800048828125,1.0617614807393634,18.303333333333335,0,0,0,0,72.57379913330078,74.78978729248047,70.67774963378906,0.0092608294494258,0.0662897562329218,0.0174089915271888,0,0,0,0,1,0.0930178741232086
2008-10-01,806.62,-2.84886823151463,968.75,-18.56364738868827,61.17739130434782,0,0,0,0,64.15979766845703,75.28266143798828,53.11738967895508,-0.3221064938025133,-0.2269372676595225,-0.4343888556612167,0,0,0,0,1,-5.840330509464223
2008-11-01,760.86,-5.840330509464223,896.239990234375,-7.7798357313305395,62.66894736842105,0,0,0,0,79.08097076416016,95.14356231689452,68.30364990234375,0.2090954639430906,0.2341370846924197,0.2514588405410327,0,0,0,0,1,7.007527052494194
2009-02-01,943.0,9.365831053348346,735.0900268554688,-11.645651319919006,45.57052631578947,0,0,0,0,67.45267486572266,64.58635711669922,64.77291107177734,-0.2355623778616395,-0.3286074416800799,-0.2870947327566844,0,0,0,0,1,-2.00620458839475
2009-03-01,924.27,-2.00620458839475,797.8699951171875,8.195269356125575,44.79545454545455,0,0,0,0,72.64462280273438,74.83297729492188,69.17710876464844,0.07415313329024,0.1472554624104782,0.0657825327593295,0,0,0,0,1,-3.755808016775599
2009-08-01,949.38,1.60864793686583,1020.6199951171876,3.300933634285532,25.337142857142855,0,0,0,0,73.37187957763672,78.04385375976562,64.70917510986328,-0.1285825179637756,-0.0262655994584095,-0.2381172343374276,0,0,0,0,1,4.853031172202102
2010-03-01,1113.337,1.6230350620342429,1169.4300537109375,5.71328154163926,17.767391304347825,0,0,0,0,74.116943359375,70.03934478759766,73.49691009521484,-0.0854085782593134,-0.1418268717145308,-0.0702567090610957,0,0,0,0,1,3.12603509099126
2010-07-01,1192.97,-3.293934356602797,1101.5999755859375,6.651579901085699,25.565238095238097,0,0,0,0,79.38137817382812,84.04823303222656,75.18537902832031,-0.1947992625491341,0.1688711898965884,-0.3867922473962046,0,0,0,0,1,1.8964525225095756
2010-09-01,1270.98,4.437773510661097,1141.199951171875,8.392847418803404,22.517619047619046,0,0,0,0,71.16854858398438,69.29395294189453,68.94754028320312,-0.1293224355458937,-0.2157870099454264,-0.0426467745368359,0,0,0,0,1,5.4387685125813565
2010-10-01,1342.02,5.4387685125813565,1183.260009765625,3.619305175049079,20.37333333333333,0,0,0,0,65.99193572998047,76.16891479492188,62.0961799621582,-0.0755184388022645,0.0945957938847978,-0.1046614569324129,0,0,0,0,1,2.0554503077561135
2011-01-01,1360.46,-2.187647448036788,1286.1199951171875,2.2392969812412193,17.3155,0,0,0,0,79.42161560058594,78.8069839477539,76.59356689453125,-0.2020402205455207,-0.1521978221708355,-0.270626031113939,0,0,0,0,1,1.039809890719689
2011-07-01,1572.75,2.7976332229376144,1292.280029296875,-2.170835585666382,19.2275,0,0,0,0,78.92475891113281,102.11175537109376,59.019046783447266,-0.0669758022609228,0.0383209919627622,-0.1903133928399043,0,0,0,0,1,11.192547131958232
2011-10-01,1666.43,-6.1504242150991475,1253.300048828125,10.230659176938868,32.829047619047614,0,0,0,0,76.33993530273438,92.34331512451172,64.18510437011719,-0.0878577915783456,-0.0311747849959651,-0.0953537268530011,0,0,0,0,1,4.262662168910971
2012-01-01,1654.05,0.8548876904793125,1312.4100341796875,4.266004446780736,20.228,0,0,0,0,79.63497161865234,62.06843185424805,93.6095962524414,-0.0692054520137546,-0.2217368720994947,0.0516873411152172,0,0,0,0,1,5.342457258074694
2012-05-01,1589.04,-3.716026154804461,1310.3299560546875,-6.469930815862472,21.001818181818184,0,0,0,0,78.17115783691406,69.74354553222656,80.6348876953125,-0.2056212296058293,-0.2139818646456008,-0.2342644783905267,0,0,0,0,1,0.6098268475420546
2012-06-01,1598.76,0.6098268475420546,1362.1600341796875,3.879271987369995,21.13095238095238,0,0,0,0,77.82243347167969,82.17473602294922,70.23216247558594,-0.0044710163183641,0.1640230279212113,-0.1381250446441768,0,0,0,0,1,-0.279983271170243
2012-08-01,1630.31,2.234168471877559,1406.5799560546875,1.9570609701871091,15.689565217391303,0,0,0,0,74.87835693359375,78.11161804199219,70.9891586303711,-0.1006600459982909,-0.1527295053032196,-0.111168175175333,0,0,0,0,1,6.787548641971133
2012-09-01,1744.81,6.787548641971133,1440.6700439453125,2.3947118796254596,15.284736842105264,0,0,0,0,69.28050994873047,65.87126159667969,68.40282440185547,-0.0777012643493257,-0.1704365490267587,-0.0371130538345241,0,0,0,0,1,0.101392290843231
2012-12-01,1684.762,-2.165301737883487,1426.18994140625,0.7043368100713409,17.307,0,0,0,0,74.83155822753906,82.9786148071289,66.24052429199219,-0.0840083046674777,-0.0705973016918557,-0.1329368730656268,0,0,0,0,1,-0.7693509817922115
2013-03-01,1593.09,-2.141257842119215,1569.18994140625,3.5355294329704883,13.0315,0,0,0,0,75.89672088623047,69.39681243896484,81.89175415039062,-0.0723372945532228,-0.210523702684986,0.0537623717795092,0,0,0,0,1,-6.833668054412007
2013-07-01,1285.52,-4.400318841004644,1685.72998046875,4.827772805178804,13.974545454545456,0,0,0,0,73.97581481933594,72.67587280273438,71.55718994140625,-0.1147771274520375,-0.1756852128522288,-0.096693686710588,0,0,0,0,1,5.023082525698844
2013-10-01,1316.58,-2.402955202464836,1756.5400390625,4.362997111283392,15.407826086956522,0,0,0,0,72.95311737060547,78.73002624511719,65.50166320800781,-0.3199359390294871,-0.2407790672214931,-0.4269296040137718,0,0,0,0,1,-3.1417004258882173
2013-11-01,1275.86,-3.1417004258882173,1805.81005859375,2.766328977323541,12.924,0,0,0,0,77.77902221679688,52.43838119506836,92.4988784790039,0.064054750477581,-0.4063858217925506,0.3451209850860763,0,0,0,0,1,-4.3532662696915185
2013-12-01,1221.51,-4.3532662696915185,1848.3599853515625,2.32894744820535,14.192380952380953,0,0,0,0,70.37248992919922,66.79072570800781,70.09461212158203,-0.1000693387663149,0.241925445437662,-0.2773505886987353,0,0,0,0,1,1.846121422956785
2014-01-01,1244.27,1.846121422956785,1782.5899658203125,-3.6231407776019298,14.24095238095238,0,0,0,0,77.91596984863281,83.1458969116211,70.48076629638672,0.1018285175984266,0.2190326246030656,0.0054939229106878,0,0,0,0,1,4.3492122776354725
2014-02-01,1299.58,4.3492122776354725,1859.449951171875,4.221337507227561,15.47,0,0,0,0,69.00352478027344,59.08655548095703,73.27865600585938,-0.1214733492769388,-0.341593447899533,0.0389295255607704,0,0,0,0,1,2.7698818217403463
2015-05-01,1198.63,-0.0250254426638467,2107.389892578125,1.043672967533685,13.3385,0,0,0,0,76.2623291015625,72.86188507080078,77.66873168945312,-0.2926595321221645,-0.2662208802928125,-0.3497418549331845,0,0,0,0,1,-1.4394420284631466
2018-02-01,1330.73,-0.0428244616860862,2713.830078125,-3.97261075980839,22.464736842105264,0,0,0,0,64.49137115478516,52.002201080322266,74.68311309814453,-0.3598854193156713,-0.3750467084167863,-0.3655784331478573,0,0,0,0,1,-0.4571841102654271
2018-09-01,1198.39,-0.2766553158248,2913.97998046875,0.4285093286333627,12.910526315789474,0,0,0,0,75.05390930175781,51.163917541503906,88.62364196777344,-0.4068925731898618,-0.2929021221830616,-0.4931214938532671,0,0,0,0,1,1.4086023654593378
2019-04-01,1285.91,-1.1589693706874815,2945.830078125,3.856039741757082,12.94904761904762,0,0,0,0,79.25344848632812,57.51552963256836,95.45539855957033,-0.0380638997663949,-0.1472680855322927,0.0501144039176466,0,0,0,0,1,-0.1720105809757711
2019-11-01,1470.79,-1.6199437064064304,3140.97998046875,3.3480266071378155,12.5235,0,0,0,0,73.07838439941406,53.03253173828125,84.5873031616211,-0.2917674547112616,-0.2771122143185853,-0.3605736742691263,0,0,0,0,1,0.5654405692859044
2019-12-01,1479.13,0.5654405692859044,3230.780029296875,2.818875629854215,13.756666666666666,0,0,0,0,74.27989196777344,63.33135223388672,80.11077117919922,0.016307658113873,0.1774749708528538,-0.0543738578327825,0,0,0,0,1,5.366113914392889
2020-02-01,1597.1,2.3074268442413346,2954.219970703125,-8.785953690838776,19.628947368421052,0,0,0,0,75.95555877685547,56.68605041503906,87.1624526977539,-0.6001509464436943,-0.3649251751475608,-0.7836845787358708,0,0,0,0,1,-0.3242368073883671
2020-04-01,1683.17,5.573180360225936,2912.429931640625,11.942083876017673,41.453809523809525,0,0,0,0,69.33940124511719,47.59123229980469,81.76082611083984,-0.1620807777219539,-0.2789451245605483,-0.1718409009697383,0,0,0,0,1,1.9264631929399632
2020-05-01,1715.91,1.9264631929399632,3044.31005859375,4.428653294909693,30.897,0,0,0,0,68.50721740722656,42.29555892944336,83.35546112060547,-0.0120742018351842,-0.1179664581963293,0.0193158968938886,0,0,0,0,1,0.9460270721103944
2020-06-01,1732.22,0.9460270721103944,3100.2900390625,1.8221374356719156,31.119545454545456,0,0,0,0,71.22785949707031,49.760887145996094,85.86660766601562,0.0389449236301304,0.1625471860759666,0.0296808910488337,0,0,0,0,1,6.389354808804244
2020-07-01,1846.51,6.389354808804244,3271.1201171875,5.363680163450586,26.840454545454545,0,0,0,0,66.47328186035156,36.25208282470703,88.73797607421875,-0.0690839365651783,-0.3167324398853268,0.0328929198808225,0,0,0,0,1,6.404049840613357
2020-08-01,1968.63,6.404049840613357,3500.31005859375,6.771908300435733,22.88952380952381,0,0,0,0,65.46604919433594,28.454627990722656,90.00911712646484,-0.015268415042561,-0.2421860185133759,0.0142230282814965,0,0,0,0,1,-2.4013182980408208
2020-10-01,1900.27,-1.1328705033217503,3269.9599609375,-2.805569228555413,29.438636363636363,0,0,0,0,76.08316802978516,42.68144226074219,97.65258026123048,-0.0549057397935559,-0.1485736707476892,-0.0362521253456016,0,0,0,0,1,-1.8038120132609472
2020-11-01,1866.3,-1.8038120132609472,3621.6298828125,10.214642790660015,24.9955,0,0,0,0,70.06746673583984,62.31394577026367,79.03644561767578,-0.0823684697460018,0.3784210310942919,-0.2115069975232391,0,0,0,0,1,-0.4231196845033905
2020-12-01,1858.42,-0.4231196845033905,3756.070068359375,3.644904784059159,22.37409090909091,0,0,0,0,64.06729125976562,31.744428634643555,86.81527709960938,-0.0895246314618205,-0.6744680155161511,0.0938735266147743,0,0,0,0,1,0.4595487767504363
2021-01-01,1866.98,0.4595487767504363,3714.239990234375,-1.11991376508885,24.91,0,0,0,0,77.418701171875,48.2874870300293,98.47562408447266,0.1892944116862258,0.4194552255266823,0.1260264366971242,0,0,0,0,1,-3.2006868030978617
2021-02-01,1808.17,-3.2006868030978617,3811.14990234375,2.5756876672536637,23.140526315789476,0,0,0,0,73.95680236816406,46.326778411865234,94.48355865478516,-0.0457471976454373,-0.0414522980643314,-0.041383209454417,0,0,0,0,1,-5.102059289634875
2021-03-01,1718.23,-5.102059289634875,3972.889892578125,4.1562807282546625,21.84304347826087,0,0,0,0,78.61876678466797,49.41804122924805,100.85202026367188,0.0611292631262925,0.0645954032627007,0.0652284596872778,0,0,0,0,1,2.4041844862437456
2021-06-01,1834.57,-0.8516048134544667,4297.5,2.1970872566122472,16.956818181818182,0,0,0,0,74.12712097167969,46.34864044189453,92.54654693603516,-0.2268947239849943,-0.1270204992125894,-0.2662824688107079,0,0,0,0,1,-1.467735914253376
2021-07-01,1807.84,-1.467735914253376,4395.259765625,2.2493175922251307,17.603333333333335,0,0,0,0,58.42076873779297,50.7158317565918,64.03631591796875,-0.2381100146695152,0.0900461661444804,-0.3682613694230454,0,0,0,0,1,-1.255749680377254
2021-10-01,1776.85,0.096284062292181,4605.3798828125,6.68581752839893,17.871428571428574,0,0,0,0,79.02923583984375,61.149112701416016,93.80802917480467,-0.0208831463640857,-0.1053136894868389,0.0189476856905912,0,0,0,0,1,2.4960933101172778
